username,year,day,filename,runtime
GNUSheep,2023,1,part01.py,0.0192
GNUSheep,2023,2,part01.py,0.0197
GNUSheep,2023,3,part01.py,0.0362
GNUSheep,2023,4,part01.py,0.0192
GNUSheep,2023,5,part01.py,0.0191
GNUSheep,2023,6,part01.py,0.0187
GNUSheep,2023,7,part01.py,0.0451
GNUSheep,2023,8,part01.py,0.0241
GNUSheep,2023,9,part01.py,0.0404
GNUSheep,2023,10,part01.py,0.0333
GNUSheep,2023,11,part01.py,0.0564
GNUSheep,2023,12,part01.py,0.0525
GNUSheep,2023,13,part01.py,0.0211
GNUSheep,2023,14,part01.py,0.0207
GNUSheep,2023,15,part01.py,0.0231
GNUSheep,2023,16,part01.py,0.0282
GNUSheep,2023,17,part01.py,1.0214
GNUSheep,2023,18,part01.py,0.0205
GNUSheep,2023,19,part01.py,0.0205
GNUSheep,2023,20,part01.py,0.3654
GNUSheep,2023,21,part01.py,0.0965
GNUSheep,2023,22,part01.py,0.359
GNUSheep,2023,23,part01.py,7.3741
GNUSheep,2023,24,part01.py,0.0883
GNUSheep,2023,25,part01.py,
GNUSheep,2024,1,part1.py,0.0189
GNUSheep,2024,1,part2.py,0.0248
GNUSheep,2024,2,part01.py,0.0212
GNUSheep,2024,3,part01.py,0.0273
GNUSheep,2024,4,part01.py,0.0297
GNUSheep,2024,5,part01.py,0.0236
GNUSheep,2024,6,part01.py,0.0225
GNUSheep,2024,7,part01.py,0.0632
GNUSheep,2024,8,part01.py,0.0205
GNUSheep,2024,9,part01.py,0.0582
GNUSheep,2024,10,part01.py,0.0283
GNUSheep,2024,11,part01.py,0.0233
GNUSheep,2024,12,part01.py,0.089
GNUSheep,2024,13,part01.py,
GNUSheep,2024,14,part01.py,
GNUSheep,2024,15,part01.py,0.1198
GNUSheep,2024,16,part01.py,0.1145
GNUSheep,2024,17,part01.py,
GNUSheep,2024,18,part01.py,0.02
GNUSheep,2024,19,part01.py,0.5921
GNUSheep,2024,20,part01.py,0.0547
GNUSheep,2024,21,part01.py,4.6224
GNUSheep,2024,22,part01.py,0.8697
GNUSheep,2024,23,part01.py,0.0454
GNUSheep,2024,24,part01.py,0.0281
GNUSheep,2024,25,part01.py,0.038
Grecil,2024,1,01A.py,0.0187
Grecil,2024,1,01B.py,0.022
Grecil,2024,2,02A.py,0.02
Grecil,2024,2,02B.py,0.0233
Grecil,2024,3,03A.py,0.0276
Grecil,2024,3,03B.py,0.0277
Grecil,2024,4,04A.py,0.0405
Grecil,2024,4,04B.py,0.0229
Grecil,2024,5,05A.py,0.0494
Grecil,2024,5,05B.py,0.0522
Grecil,2024,6,06A.py,0.022
Grecil,2024,6,06B.py,
Grecil,2024,7,07A.py,0.3091
Grecil,2024,7,07B.py,
Grecil,2024,8,08A.py,0.0243
Grecil,2024,8,08B.py,0.0229
Grecil,2024,9,09A.py,
Grecil,2024,9,09B.py,
Grecil,2024,10,10A.py,0.0225
Grecil,2024,10,10B.py,0.0218
Grecil,2024,11,11A.py,0.0228
Grecil,2024,11,11B.py,0.1135
Grecil,2024,12,12A.py,0.0346
Grecil,2024,12,12B.py,0.0412
Grecil,2024,13,13A.py,0.0191
Grecil,2024,13,13B.py,0.0201
Grecil,2024,14,14A.py,0.0188
Grecil,2024,14,14B.py,1.0791
Grecil,2024,15,15A.py,0.0357
Grecil,2024,15,15B.py,0.0426
Grecil,2024,16,16A.py,0.4809
Grecil,2024,16,16B.py,0.9057
Grecil,2024,17,17A.py,0.0199
Grecil,2024,17,17B.py,0.0552
Grecil,2024,18,18A.py,0.0283
Grecil,2024,18,18B.py,0.0288
Grecil,2024,19,19A.py,0.0506
Grecil,2024,19,19B.py,0.2351
Grecil,2024,20,20A.py,7.9007
Grecil,2024,20,20B.py,8.4404
Grecil,2024,21,21A.py,0.0902
Grecil,2024,21,21B.py,0.4965
Grecil,2024,22,22A.py,1.6396
Grecil,2024,22,22B.py,5.2194
Grecil,2024,23,23A.py,0.0337
Grecil,2024,23,23B.py,0.1731
Grecil,2024,24,24A.py,0.0221
Grecil,2024,24,24B.py,0.0227
Grecil,2024,25,25A.py,0.0443
Kokopak,2024,1,day01.py,0.0254
Kokopak,2024,2,day02.py,0.0262
Kokopak,2024,3,day03.py,0.0279
Kokopak,2024,4,day04.py,0.0387
Kokopak,2024,5,day05.py,0.0244
Kokopak,2024,6,day06.py,9.3382
Kokopak,2024,7,day07.py,2.1002
Kokopak,2024,8,day08.py,0.0235
Kokopak,2024,9,day09.py,3.4067
Kokopak,2024,10,day10.py,0.0296
Kokopak,2024,11,day11.py,0.168
Kokopak,2024,12,day12.py,0.0946
Kokopak,2024,13,day13.py,0.0308
Kokopak,2024,14,day14.py,2.1353
Kokopak,2024,15,day15.py,0.0389
Kokopak,2024,15,day15_2.py,0.3033
Kokopak,2024,17,day17.py,0.0224
Kokopak,2024,18,day18.py,7.7861
Kokopak,2024,19,day19.py,0.2036
Kokopak,2024,20,day20.py,
Kyrylo-Ktl,2015,1,part_one.py,
Kyrylo-Ktl,2015,4,part_one.py,
Kyrylo-Ktl,2015,5,part_one.py,
Kyrylo-Ktl,2015,6,part_one.py,
Kyrylo-Ktl,2015,8,part_one.py,
Kyrylo-Ktl,2015,9,part_one.py,
Kyrylo-Ktl,2015,10,part_one.py,
Kyrylo-Ktl,2015,12,part_one.py,
Kyrylo-Ktl,2015,13,part_one.py,
Kyrylo-Ktl,2016,1,part_one.py,
Kyrylo-Ktl,2017,1,part_one.py,
Kyrylo-Ktl,2017,2,part_one.py,
Kyrylo-Ktl,2018,1,part_one.py,
Kyrylo-Ktl,2019,1,part_one.py,
Kyrylo-Ktl,2020,1,part_one.py,
Kyrylo-Ktl,2021,1,part_one.py,
Kyrylo-Ktl,2021,2,part_one.py,
Kyrylo-Ktl,2022,1,part_one.py,
Kyrylo-Ktl,2022,3,part_one.py,
Kyrylo-Ktl,2023,1,part_one.py,
Kyrylo-Ktl,2023,2,part_one.py,
Kyrylo-Ktl,2024,1,part_one.py,
Kyrylo-Ktl,2024,2,part_one.py,
Kyrylo-Ktl,2024,3,part_one.py,
Kyrylo-Ktl,2024,4,part_one.py,
Kyrylo-Ktl,2024,5,part_one.py,
Kyrylo-Ktl,2024,6,part_one.py,
Kyrylo-Ktl,2024,7,part_one.py,
Kyrylo-Ktl,2024,8,part_one.py,
Kyrylo-Ktl,2024,9,part_one.py,
Kyrylo-Ktl,2024,10,part_one.py,
Kyrylo-Ktl,2024,11,part_one.py,
Kyrylo-Ktl,2024,12,part_one.py,
Kyrylo-Ktl,2024,13,part_one.py,
Kyrylo-Ktl,2024,14,part_one.py,
LiquidFun,2021,1,1.py,0.0183
LiquidFun,2021,6,6.py,0.0217
LiquidFun,2022,1,01.py,
LiquidFun,2022,2,02.py,0.0194
LiquidFun,2022,3,03.py,0.0203
LiquidFun,2022,4,04.py,
LiquidFun,2022,5,05.py,0.0287
LiquidFun,2022,6,06.py,0.019
LiquidFun,2022,7,07.py,
LiquidFun,2022,8,08.py,0.0667
LiquidFun,2022,9,09.py,0.0732
LiquidFun,2022,10,10.py,0.0185
LiquidFun,2022,11,11.py,0.2712
LiquidFun,2022,12,12.py,
LiquidFun,2022,13,13.py,
LiquidFun,2022,14,14.py,0.6146
LiquidFun,2022,15,15.py,
LiquidFun,2023,1,01.py,0.0433
LiquidFun,2023,2,02.py,0.0286
LiquidFun,2023,3,03.py,0.0307
LiquidFun,2023,4,04.py,0.0193
LiquidFun,2023,5,05.py,0.8392
LiquidFun,2023,6,06.py,3.7193
LiquidFun,2023,7,07.py,0.0296
LiquidFun,2023,8,08.py,0.0453
LiquidFun,2023,9,09.py,0.0205
LiquidFun,2023,10,10.py,0.1514
LiquidFun,2023,11,11.py,0.2026
LiquidFun,2023,12,12.py,2.2814
LiquidFun,2023,13,13.py,0.0493
LiquidFun,2023,14,14.py,2.7908
LiquidFun,2023,15,15.py,0.0249
LiquidFun,2023,16,16.py,2.6376
LiquidFun,2023,17,17.py,3.9869
LiquidFun,2023,18,18.py,0.021
LiquidFun,2023,19,19.py,0.0455
LiquidFun,2023,20,20.py,0.0918
LiquidFun,2023,21,21.py,0.0468
LiquidFun,2023,22,22.py,
LiquidFun,2023,23,23.py,
LiquidFun,2023,24,24.py,
LiquidFun,2023,25,25.py,
LiquidFun,2024,1,01.py,0.0264
LiquidFun,2024,2,02.py,0.0241
LiquidFun,2024,3,03.py,0.0278
LiquidFun,2024,4,04.py,0.1919
LiquidFun,2024,5,05.py,0.215
LiquidFun,2024,6,06.py,7.0708
LiquidFun,2024,7,07.py,
LiquidFun,2024,8,08.py,0.0368
LiquidFun,2024,9,09.py,1.0026
LiquidFun,2024,10,10.py,0.0235
LiquidFun,2024,11,11.py,0.1268
LiquidFun,2024,12,12.py,0.451
LiquidFun,2024,13,13.py,
LiquidFun,2024,14,14.py,1.7746
LiquidFun,2024,15,15.py,0.207
LiquidFun,2024,16,16.py,
LiquidFun,2024,17,17.py,0.0289
LiquidFun,2024,18,18.py,
LiquidFun,2024,19,19.py,0.6709
LiquidFun,2024,20,20.py,
LiquidFun,2024,21,21.py,0.0244
LiquidFun,2024,22,22.py,3.5343
LiquidFun,2024,23,23.py,
LiquidFun,2024,24,24.py,
LiquidFun,2024,25,25.py,0.0445
Lkeurentjes,2020,1,2020-01-Report_Repair.py,0.0183
Lkeurentjes,2020,2,2020-02-Password_Philosophy.py,0.0201
Lkeurentjes,2020,3,2020-03-Toboggan_Trajectory.py,
Lkeurentjes,2020,4,2020-04-Passport_Processing.py,0.0295
Lkeurentjes,2020,5,2020-05-Binary_Boarding.py,0.0198
Lkeurentjes,2020,6,2020-06-Custom_Customs.py,0.0194
Lkeurentjes,2020,7,2020-07-Handy_Haversacks.py,0.0415
Lkeurentjes,2020,8,2020-08-Handheld_Halting.py,0.0262
Lkeurentjes,2021,1,2021-01Sonar-Sweep.py,0.0202
Lkeurentjes,2021,2,2021-02Dive.py,0.019
Lkeurentjes,2021,3,2021-03Binary-Diagnostics.py,0.02
Lkeurentjes,2021,4,2021-04Giant-Squid.py,
Lkeurentjes,2021,5,2021-05Hydrothermal-Venture.py,
Lkeurentjes,2021,6,2021-06Lanternfish.py,0.0187
Lkeurentjes,2021,7,2021-07Whales.py,0.3681
Lkeurentjes,2021,8,2021-08Segment-Search.py,0.0218
Lkeurentjes,2021,9,2021-09-Lava-tube.py,
Lkeurentjes,2021,10,2021-10-Syntax-scoring.py,0.0196
Lkeurentjes,2021,11,2021-11-Dumbo-Octopus.py,
Lkeurentjes,2021,12,2021-12-cave-graph.py,0.5821
Lkeurentjes,2021,13,2021-13-Origami.py,
Lkeurentjes,2021,14,2021-14-Polymerization.py,0.0252
Lkeurentjes,2021,15,2021-15-Chiton.py,
Lkeurentjes,2021,16,2021-16-Hexa-decoder.py,
Lkeurentjes,2021,17,2021-17-Trick-shot.py,
Lkeurentjes,2021,18,2021-18-Snailfish-math.py,2.5966
Lkeurentjes,2021,19,2021-19-Beacons.py,
Lkeurentjes,2021,20,2021-20-Trench_map.py,
Lkeurentjes,2021,21,2021-21-Dirac_Dice.py,0.2965
Lkeurentjes,2022,1,2022-01Calories.py,0.0199
Lkeurentjes,2022,2,2022-02RPS.py,0.0188
Lkeurentjes,2022,3,2022-03backpack.py,0.0196
Lkeurentjes,2022,4,2022-04Clean-up.py,0.0195
Lkeurentjes,2022,5,2022-05Supplies.py,0.0235
Lkeurentjes,2022,6,2022-06Signal.py,0.0204
Lkeurentjes,2022,7,2022-07Storage.py,0.0231
Lkeurentjes,2022,8,2022-08Treehouse.py,
Lkeurentjes,2022,9,2022-09Bridge.py,0.0662
Lkeurentjes,2022,10,2022-10Tube.py,0.0187
Lkeurentjes,2022,11,2022-11Monkeys.py,0.3435
Lkeurentjes,2022,12,2022-12Path-finding.py,
Lkeurentjes,2022,13,2022-13Signal-Pairs.py,0.0353
Lkeurentjes,2022,14,2022-14Sand.py,
Lkeurentjes,2022,15,2022-15Beacons.py,
Lkeurentjes,2022,16,2022-16Volcano.py,
Lkeurentjes,2022,17,2022-17Tetris-pipe.py,
Lkeurentjes,2022,18,2022-18Lava-droplets.py,
Lkeurentjes,2022,19,2022-19Geodes.py,
Lkeurentjes,2022,20,2022-20Encrypted.py,
Lkeurentjes,2022,21,2022-21Monkey Math.py,0.0263
Lkeurentjes,2022,22,2022-22Monkey_Map.py,
Lkeurentjes,2022,23,2022-23-plant-Starfruit.py,
Lkeurentjes,2022,24,2022-24-Blizard-Basin.py,
Lkeurentjes,2022,25,2022-25Hot_airbaloon.py,0.0191
Lkeurentjes,2023,1,2023-01-Calibration.py,0.0306
Lkeurentjes,2023,2,2023-02-color-cubes.py,0.019
Lkeurentjes,2023,3,2023-03-Gear-Ratios.py,0.1573
Lkeurentjes,2023,4,2023-04-Scratch-cards.py,3.0206
Lkeurentjes,2023,5,2023-05-Food-production-problem.py,0.0295
Lkeurentjes,2023,6,2023-06-Boat-Race.py,0.4617
Lkeurentjes,2023,7,2023-07-Camel-Poker.py,0.0304
Lkeurentjes,2023,8,2023-08-Dessert-graph.py,0.046
Lkeurentjes,2023,9,2023-09-Mirage-Maintenance.py,0.0212
Lkeurentjes,2023,10,2023-10-Pipe-Maze.py,
Lkeurentjes,2023,11,2023-11-Cosmic-expansion.py,
Lkeurentjes,2023,12,2023-12-Hot-Springs.py,0.968
Lkeurentjes,2023,13,2023-13-Point-of-Incidence.py,
Lkeurentjes,2023,14,2023-14-Reflector-Dish.py,
Lkeurentjes,2023,15,2023-15-Lens-Library.py,0.023
Lkeurentjes,2023,16,2023-16-Floor-is-lava.py,
Lkeurentjes,2023,17,2023-17-Clumsy-Crucible.py,
Lkeurentjes,2023,18,2023-18-Lavaduct-Lagoon.py,
Lkeurentjes,2023,19,2023-19-Aplenty.py,0.0424
Lkeurentjes,2023,20,2023-20-Pulse-Propagation.py,0.4979
Lkeurentjes,2023,21,2023-21-step-counter.py,
Lkeurentjes,2023,22,2023-22-sand-slab.py,
Lkeurentjes,2023,23,2023-23-Long-Walk.py,
Lkeurentjes,2023,24,2023-24-Never-tell-me-the-odds.py,
Lkeurentjes,2023,25,2023-25-Snowverload.py,
Lkeurentjes,2024,1,2024-01-Historian-Hysteria.py,0.022
Lkeurentjes,2024,2,2024-02-Red-Nosed-Reports.py,0.0252
Lkeurentjes,2024,3,2024-03-Mull_It_Over.py,0.0514
Lkeurentjes,2024,4,2024-04-Ceres_Search.py,0.0905
Lkeurentjes,2024,5,2024-05-Print_Queue.py,0.1613
Lkeurentjes,2024,6,2024-06-Guard_Gallivant.py,
Lkeurentjes,2024,7,2024-07-Bridge_Repair.py,2.9686
Lkeurentjes,2024,8,2024-08-Resonant_Collinearity.py,0.0245
Lkeurentjes,2024,9,2024-09-Disk_Fragmenter.py,3.287
Lkeurentjes,2024,10,2024-10-Hoof_It.py,
Lkeurentjes,2024,11,2024-11-Plutonian_Pebbles.py,0.0966
Lkeurentjes,2024,12,2024-12-Garden_Groups.py,
Lkeurentjes,2024,13,2024-13-Claw_Contraption.py,
Lkeurentjes,2024,14,2024-14-Restroom_Redoubt.py,
Lkeurentjes,2024,15,2024-15-Warehouse_Woes.py,
Lkeurentjes,2024,16,2024-16-Reindeer_Maze.py,
Lkeurentjes,2024,17,2024-17-Chronospatial_Computer.py,0.0459
Lkeurentjes,2024,18,2024-18-RAM_Run.py,
Lkeurentjes,2024,19,2024-19-Linen_Layout.py,0.0973
Lkeurentjes,2024,20,2024-20-Race_Condition.py,
Lkeurentjes,2024,21,2024-21-Keypad_Conundrum.py,
Lkeurentjes,2024,22,2024-22-Monkey_Market.py,3.234
Lkeurentjes,2024,23,2024-23-LAN_Party.py,0.2054
Lkeurentjes,2024,24,2024-24-Crossed_Wires.py,
Lkeurentjes,2024,25,2024-25-Code_Chronicle.py,
MetOffice,2019,1,part1.py,0.0188
MetOffice,2019,1,test.py,0.0185
MetOffice,2019,2,input_data.py,0.0182
MetOffice,2019,2,part2.py,0.0705
MetOffice,2019,3,load_input.py,0.0341
MetOffice,2019,3,part1.py,0.0996
MetOffice,2019,4,load_input.py,0.0323
MetOffice,2019,4,part1.py,0.3191
MetOffice,2019,4,part2.py,0.3174
MetOffice,2019,5,load_input.py,0.0386
MetOffice,2019,5,part1.py,
MetOffice,2019,6,load_input.py,0.0357
MetOffice,2019,7,load_input.py,0.0348
MetOffice,2019,7,part1.py,0.0402
MetOffice,2019,7,part2.py,0.0534
MetOffice,2019,8,load_input.py,0.0322
MetOffice,2019,8,part1.py,
MetOffice,2019,9,computer.py,
MetOffice,2020,1,expenses.py,0.0264
MetOffice,2020,1,expenses_part1.py,0.0254
MetOffice,2020,2,passwords.py,
MetOffice,2020,3,toboggan.py,
MetOffice,2020,4,passports.py,
MetOffice,2020,5,boarding_passes.py,
MetOffice,2020,6,customs.py,
MetOffice,2020,7,bags.py,
MetOffice,2020,8,accumulator.py,
MetOffice,2020,9,encoding.py,
MetOffice,2020,10,adapters.py,
MetOffice,2020,11,layouts.py,0.0178
MetOffice,2021,1,solution.py,
MetOffice,2021,2,submarine.py,
MetOffice,2021,3,binary.py,
MetOffice,2021,4,bingo.py,0.1418
MetOffice,2021,5,vents.py,
MetOffice,2021,6,fish_part1.py,
MetOffice,2021,6,fish_part2.py,
MetOffice,2021,7,crabs.py,
MetOffice,2021,8,segments.py,
MetOffice,2021,9,smokebasin.py,
MetOffice,2021,10,validate.py,
MetOffice,2021,11,octo.py,
MetOffice,2021,12,caves.py,
MetOffice,2021,13,origami.py,
MetOffice,2021,14,polymers.py,
MetOffice,2021,15,navigate.py,
MetOffice,2022,1,calorie_counting.py,
MetOffice,2022,2,rock_paper_scissors.py,
MetOffice,2022,3,rucksacks.py,
MetOffice,2022,4,camp_cleanup.py,
MetOffice,2022,5,supply_stacks.py,0.0189
MetOffice,2022,6,tuning_toruble.py,0.0238
MetOffice,2022,7,nospace.py,
MetOffice,2022,8,treehouses.py,
MetOffice,2022,9,ropebridge.py,
MetOffice,2022,10,crt.py,0.0187
MetOffice,2022,11,monkeys.py,
MetOffice,2022,12,HillClimb.py,
MetOffice,2022,12,gif_plotter.py,
MetOffice,2022,13,distress.py,
MetOffice,2022,14,falling_sand.py,
MetOffice,2023,1,trebuchet.py,
MetOffice,2023,2,sacks.py,
MetOffice,2023,3,gondola.py,
MetOffice,2023,4,scratchcards.py,
MetOffice,2023,5,garden.py,
MetOffice,2023,6,test.py,0.0185
MetOffice,2023,7,camel_cards.py,
MetOffice,2023,8,haunted_wasteland.py,
MetOffice,2023,8,haunted_wasteland_part1.py,
MetOffice,2023,9,Mirage_Maintenance.py,
MetOffice,2023,10,pipes.py,
MetOffice,2023,11,cosmic.py,
MetOffice,2023,12,springs.py,
MetOffice,2024,1,historians.py,
MetOffice,2024,2,red_nosed.py,
MetOffice,2024,3,memory.py,0.0293
MetOffice,2024,4,wordsearch.py,
MetOffice,2024,5,printqueue.py,
MetOffice,2024,6,guards.py,
MetOffice,2024,7,operators.py,
MetOffice,2024,8,antinodes.py,
MetOffice,2024,9,defragment.py,
MetOffice,2024,10,trailhead.py,0.0218
MetOffice,2024,11,stones.py,0.0257
MetOffice,2024,12,gardens.py,
MetOffice,2024,13,claw.py,
MetOffice,2024,14,robots.py,
MetOffice,2024,15,boxes.py,
MetOffice,2024,16,maze.py,
NimVek,2015,1,solution.py,
NimVek,2015,2,solution.py,
NimVek,2015,3,solution.py,
NimVek,2015,4,solution.py,
NimVek,2015,5,solution.py,
NimVek,2015,6,solution_2015_06.py,0.0272
NimVek,2015,7,solution_2015_07.py,0.0281
NimVek,2015,8,solution.py,
NimVek,2015,9,solution_2015_09.py,0.0271
NimVek,2015,10,solution.py,
NimVek,2015,11,solution_2015_11.py,0.027
NimVek,2015,12,solution_2015_12.py,0.0297
NimVek,2015,13,solution_2015_13.py,0.0269
NimVek,2015,14,solution_2015_14.py,0.0271
NimVek,2015,15,solution_2015_15.py,0.0231
NimVek,2015,16,solution_2015_16.py,0.0231
NimVek,2015,17,solution_2015_17.py,0.0184
NimVek,2015,18,solution_2015_18.py,0.023
NimVek,2016,1,solution.py,
NimVek,2016,2,solution.py,
NimVek,2016,5,solution.py,
NimVek,2017,1,solution.py,
NimVek,2017,2,solution.py,
NimVek,2017,4,solution.py,
NimVek,2017,5,solution.py,
NimVek,2017,6,solution.py,
NimVek,2017,7,solution.py,
NimVek,2017,8,solution.py,
NimVek,2017,12,solution.py,
NimVek,2017,13,solution.py,
NimVek,2017,16,solution.py,
NimVek,2018,1,solution.py,
NimVek,2018,2,solution.py,
NimVek,2018,8,solution.py,
NimVek,2018,16,solution.py,
NimVek,2019,1,solution.py,
NimVek,2020,1,solution.py,
NimVek,2020,2,solution.py,
NimVek,2020,5,solution.py,
NimVek,2020,6,solution.py,
NimVek,2020,7,solution.py,
NimVek,2020,10,solution.py,
NimVek,2020,15,solution.py,
NimVek,2020,16,solution.py,
NimVek,2020,21,solution.py,
NimVek,2021,1,solution.py,
NimVek,2021,2,solution.py,
NimVek,2021,4,solution_2021_04.py,0.0215
NimVek,2021,6,solution.py,
NimVek,2021,7,solution_2021_07.py,0.0328
NimVek,2021,8,solution_2021_08.py,0.0214
NimVek,2021,14,solution.py,
NimVek,2021,16,solution.py,
NimVek,2021,18,solution.py,
NimVek,2021,21,solution.py,
NimVek,2022,1,solution.py,
NimVek,2022,2,solution.py,
NimVek,2022,3,solution.py,
NimVek,2022,4,solution.py,
NimVek,2022,6,solution.py,
NimVek,2022,7,solution.py,
NimVek,2022,9,solution.py,
NimVek,2023,1,solution.py,
NimVek,2023,2,solution.py,
NimVek,2023,4,solution.py,
NimVek,2023,6,solution.py,
NimVek,2023,8,solution.py,
NimVek,2024,1,solution.py,
NimVek,2024,7,solution.py,
Samarth-Pai,2024,1,part1.py,
Samarth-Pai,2024,1,part2.py,
Samarth-Pai,2024,2,part1.py,
Samarth-Pai,2024,2,part2.py,
Samarth-Pai,2024,3,part1.py,
Samarth-Pai,2024,3,part2.py,
Samarth-Pai,2024,4,part1.py,
Samarth-Pai,2024,4,part2.py,
Samarth-Pai,2024,5,part1.py,
Samarth-Pai,2024,5,part2.py,
Samarth-Pai,2024,6,part1.py,
Samarth-Pai,2024,6,part2.py,
Samarth-Pai,2024,7,part1.py,
Samarth-Pai,2024,7,part2.py,
Samarth-Pai,2024,8,part1.py,
Samarth-Pai,2024,8,part2.py,
Samarth-Pai,2024,9,part1.py,
Samarth-Pai,2024,9,part2.py,
Samarth-Pai,2024,10,part1.py,
Samarth-Pai,2024,10,part2.py,
Samarth-Pai,2024,11,part1.py,
Samarth-Pai,2024,11,part2.py,
Samarth-Pai,2024,12,part1.py,
Samarth-Pai,2024,12,part2.py,
Samarth-Pai,2024,13,part1.py,
Samarth-Pai,2024,13,part2.py,
Samarth-Pai,2024,14,part1.py,
Samarth-Pai,2024,14,part2.py,
Samarth-Pai,2024,15,part1.py,
Samarth-Pai,2024,16,part1.py,
Samarth-Pai,2024,17,part1.py,
SpiderScripts,2015,2,02-1.py,
SpiderScripts,2015,3,03-1.py,
SpiderScripts,2015,4,04-1.py,
SpiderScripts,2022,12,12.py,
SpiderScripts,2022,13,13-2.py,
SpiderScripts,2022,13,13.py,
SpiderScripts,2022,14,14.py,
SpiderScripts,2022,15,15.py,
SpiderScripts,2022,16,16.py,
SpiderScripts,2022,25,25.py,
SpiderScripts,2023,1,01.py,
SpiderScripts,2024,1,01.py,
SpiderScripts,2024,2,02.py,
SpiderScripts,2024,3,03.py,
SpiderScripts,2024,4,04.py,
SpiderScripts,2024,5,05.py,
SpiderScripts,2024,6,06.py,
SpiderScripts,2024,7,07.py,
SpiderScripts,2024,8,08.py,
SpiderScripts,2024,9,09.py,
SpiderScripts,2024,10,10.py,
SpiderScripts,2024,11,11.py,0.1482
SpiderScripts,2024,12,12.py,
SpiderScripts,2024,13,13.py,
SpiderScripts,2024,14,14.py,
SpiderScripts,2024,15,15.py,
SpiderScripts,2024,16,16.py,
SpiderScripts,2024,17,17.py,
SpiderScripts,2024,19,19.py,
StephaneBranly,2024,1,day01.py,0.0202
StephaneBranly,2024,2,day02.py,0.0234
StephaneBranly,2024,3,day03.py,0.0282
StephaneBranly,2024,4,day04.py,0.0435
StephaneBranly,2024,5,day05.py,0.025
StephaneBranly,2024,6,day06.py,
StephaneBranly,2024,7,day07.py,0.2289
StephaneBranly,2024,8,day08.py,0.0287
StephaneBranly,2024,9,day09.py,
StephaneBranly,2024,10,day10.py,0.0231
StephaneBranly,2024,11,day11.py,0.0212
StephaneBranly,2024,12,day12.py,
StephaneBranly,2024,13,day13.py,
StephaneBranly,2024,14,day14.py,0.0312
StephaneBranly,2024,15,day15.py,0.7629
TessFerrandez,2015,1,day1.py,
TessFerrandez,2015,2,day2.py,
TessFerrandez,2015,3,day3.py,
TessFerrandez,2015,4,day4.py,
TessFerrandez,2015,5,day5.py,
TessFerrandez,2015,6,day6.py,
TessFerrandez,2015,7,day7.py,0.0202
TessFerrandez,2015,8,day8.py,
TessFerrandez,2015,9,day9.py,
TessFerrandez,2015,10,day10.py,
TessFerrandez,2015,11,day11.py,
TessFerrandez,2015,12,day12.py,
TessFerrandez,2015,13,day13.py,0.5299
TessFerrandez,2015,14,day14.py,0.1719
TessFerrandez,2015,15,day15.py,
TessFerrandez,2015,16,day16.py,
TessFerrandez,2015,17,day17.py,
TessFerrandez,2015,18,day18.py,
TessFerrandez,2015,19,day19.py,
TessFerrandez,2015,20,day20.py,
TessFerrandez,2015,21,day21.py,0.0271
TessFerrandez,2015,22,day22.py,
TessFerrandez,2015,23,day23.py,0.028
TessFerrandez,2015,24,day24.py,
TessFerrandez,2015,25,day25.py,0.8977
TessFerrandez,2016,1,day1.py,
TessFerrandez,2016,2,day2.py,
TessFerrandez,2016,3,day3.py,0.0328
TessFerrandez,2016,4,day4.py,
TessFerrandez,2016,5,day5.py,
TessFerrandez,2016,6,day6.py,0.0264
TessFerrandez,2016,7,day7.py,0.042
TessFerrandez,2016,8,day8.py,
TessFerrandez,2016,9,day9.py,
TessFerrandez,2016,10,day10.py,0.0267
TessFerrandez,2016,11,day11-p2.py,0.0179
TessFerrandez,2016,11,day11.py,
TessFerrandez,2016,12,day12.py,
TessFerrandez,2016,13,day13.py,0.0279
TessFerrandez,2016,14,day14.py,
TessFerrandez,2016,15,day15.py,0.6269
TessFerrandez,2016,16,day16.py,
TessFerrandez,2016,17,day17.py,1.3423
TessFerrandez,2016,18,day18.py,6.6324
TessFerrandez,2016,19,day19.py,0.6929
TessFerrandez,2016,20,day20.py,0.0199
TessFerrandez,2016,21,day21.py,2.3619
TessFerrandez,2016,22,day22.py,0.1024
TessFerrandez,2016,23,day23.py,0.022
TessFerrandez,2016,24,day24.py,5.6219
TessFerrandez,2016,25,day25.py,1.218
TessFerrandez,2017,1,day1.py,
TessFerrandez,2017,2,day2.py,
TessFerrandez,2017,3,day3.py,0.066
TessFerrandez,2017,4,day4.py,
TessFerrandez,2017,5,day5.py,2.318
TessFerrandez,2017,6,day6.py,0.1731
TessFerrandez,2017,7,day7.py,0.0418
TessFerrandez,2017,8,day8.py,0.027
TessFerrandez,2017,9,day9.py,
TessFerrandez,2017,10,day10.py,0.0306
TessFerrandez,2017,11,day11.py,
TessFerrandez,2017,12,day12.py,0.0347
TessFerrandez,2017,13,day13.py,
TessFerrandez,2017,14,day14.py,
TessFerrandez,2017,15,day15.py,
TessFerrandez,2017,16,day16.py,0.2228
TessFerrandez,2017,17,day17.py,
TessFerrandez,2017,18,day18.py,0.0669
TessFerrandez,2017,19,day19.py,0.0291
TessFerrandez,2017,20,day20.py,0.9742
TessFerrandez,2017,21,day21.py,
TessFerrandez,2017,22,day22.py,2.5769
TessFerrandez,2017,23,day23.py,
TessFerrandez,2017,24,day24.py,5.8234
TessFerrandez,2017,25,day25.py,1.2998
TessFerrandez,2018,1,day1.py,
TessFerrandez,2018,2,day2.py,0.0465
TessFerrandez,2018,3,day3.py,
TessFerrandez,2018,4,day4.py,0.0401
TessFerrandez,2018,5,day5.py,
TessFerrandez,2018,6,day6.py,0.7772
TessFerrandez,2018,7,day7.py,0.0278
TessFerrandez,2018,8,day8.py,0.0538
TessFerrandez,2018,9,day9.py,0.6822
TessFerrandez,2018,10,day10.py,
TessFerrandez,2018,11,day11.py,
TessFerrandez,2018,12,day12.py,0.0333
TessFerrandez,2018,13,day13.py,0.1125
TessFerrandez,2018,14,day14.py,
TessFerrandez,2018,15,day15.py,0.0793
TessFerrandez,2018,16,day16.py,
TessFerrandez,2018,17,day17.py,
TessFerrandez,2018,18,day18.py,
TessFerrandez,2018,19,day19.py,0.187
TessFerrandez,2018,20,day20.py,0.0299
TessFerrandez,2018,21,day21.py,
TessFerrandez,2018,22,day22.py,
TessFerrandez,2018,23,day23.py,
TessFerrandez,2018,24,day24.py,
TessFerrandez,2019,1,day1.py,0.0252
TessFerrandez,2019,2,day2.py,0.2469
TessFerrandez,2019,3,day3.py,0.1295
TessFerrandez,2019,4,day4.py,0.3182
TessFerrandez,2019,5,day5.py,0.0306
TessFerrandez,2019,6,day6.py,0.027
TessFerrandez,2019,7,day7.py,
TessFerrandez,2019,8,day8.py,
TessFerrandez,2019,9,day9.py,0.2498
TessFerrandez,2019,10,day10.py,
TessFerrandez,2019,11,day11.py,
TessFerrandez,2019,12,day12.py,
TessFerrandez,2019,13,day13.py,
TessFerrandez,2019,14,day14.py,0.0378
TessFerrandez,2019,15,day15.py,
TessFerrandez,2019,16,day16.py,
TessFerrandez,2019,17,day17.py,0.1071
TessFerrandez,2019,18,day18.py,
TessFerrandez,2019,19,day19.py,
TessFerrandez,2020,1,day1.py,0.0285
TessFerrandez,2020,2,day2.py,
TessFerrandez,2020,3,day3.py,0.0257
TessFerrandez,2020,4,day4.py,0.0277
TessFerrandez,2020,5,day5.py,
TessFerrandez,2020,6,day6.py,0.0284
TessFerrandez,2020,7,day7.py,
TessFerrandez,2020,8,day8.py,0.0724
TessFerrandez,2020,9,day9.py,
TessFerrandez,2020,10,day10.py,
TessFerrandez,2020,11,day11.py,
TessFerrandez,2020,12,day12.py,
TessFerrandez,2020,13,day13.py,
TessFerrandez,2020,14,day14.py,
TessFerrandez,2020,15,day15.py,
TessFerrandez,2020,16,day16.py,0.034
TessFerrandez,2020,17,day17.py,
TessFerrandez,2020,18,day18.py,
TessFerrandez,2020,19,day19.py,0.3919
TessFerrandez,2020,20,day20.py,
TessFerrandez,2020,21,day21.py,0.0259
TessFerrandez,2020,22,day22.py,0.2299
TessFerrandez,2020,23,day23.py,6.0948
TessFerrandez,2020,24,day24.py,
TessFerrandez,2020,25,day25.py,0.3137
TessFerrandez,2021,1,day1-1.py,
TessFerrandez,2021,1,day1-2.py,
TessFerrandez,2021,1,day1.py,
TessFerrandez,2021,2,day2-1.py,
TessFerrandez,2021,2,day2-2.py,
TessFerrandez,2021,2,day2.py,
TessFerrandez,2021,3,day3-1.py,
TessFerrandez,2021,3,day3-2.py,
TessFerrandez,2021,3,day3.py,
TessFerrandez,2021,4,day4-1.py,
TessFerrandez,2021,4,day4-2.py,
TessFerrandez,2021,4,day4.py,
TessFerrandez,2021,5,day5-1.py,
TessFerrandez,2021,5,day5-2.py,
TessFerrandez,2021,5,day5.py,
TessFerrandez,2021,6,day6.py,
TessFerrandez,2021,7,day7.py,
TessFerrandez,2021,8,day8.py,
TessFerrandez,2021,9,day9.py,
TessFerrandez,2021,10,day10.py,
TessFerrandez,2021,11,day11-dictionary.py,
TessFerrandez,2021,12,day12-memo.py,
TessFerrandez,2021,13,day13.py,
TessFerrandez,2021,14,day14-dp.py,
TessFerrandez,2021,15,day15.py,
TessFerrandez,2021,16,day16-1.py,
TessFerrandez,2021,16,day16-2.py,
TessFerrandez,2021,17,day17.py,0.1192
TessFerrandez,2021,18,day18.py,
TessFerrandez,2021,19,day19.py,
TessFerrandez,2021,20,day20.py,
TessFerrandez,2021,21,day21.py,0.1036
TessFerrandez,2021,22,day22.py,
TessFerrandez,2021,23,day23.py,
TessFerrandez,2021,24,day24.py,0.0185
TessFerrandez,2021,25,day25.py,
TessFerrandez,2022,1,day1.py,
TessFerrandez,2022,2,day2.py,
TessFerrandez,2022,3,day3.py,
TessFerrandez,2022,4,day4.py,
TessFerrandez,2022,5,day5.py,
TessFerrandez,2022,6,day6.py,
TessFerrandez,2022,7,day7.py,
TessFerrandez,2022,8,day8.py,
TessFerrandez,2022,9,day9.py,
TessFerrandez,2022,10,day10.py,
TessFerrandez,2022,11,day11.py,
TessFerrandez,2022,12,day12.py,
TessFerrandez,2022,13,day13.py,
TessFerrandez,2022,14,day14.py,
TessFerrandez,2022,15,day15.py,
TessFerrandez,2022,16,day16.py,
TessFerrandez,2022,17,day17.py,
TessFerrandez,2022,18,day18.py,
TessFerrandez,2022,19,day19.py,
TessFerrandez,2022,20,day20.py,
TessFerrandez,2022,21,day21.py,
TessFerrandez,2022,22,day22-anim.py,
TessFerrandez,2022,23,day23.py,
TessFerrandez,2022,24,day24.py,
TessFerrandez,2022,25,day25.py,
TessFerrandez,2023,1,day1-2.py,
TessFerrandez,2023,1,day1.py,
TessFerrandez,2023,2,day2-2.py,
TessFerrandez,2023,2,day2.py,
TessFerrandez,2023,3,day3.py,
TessFerrandez,2023,4,day4.py,
TessFerrandez,2023,5,day5.py,
TessFerrandez,2023,6,day6.py,
TessFerrandez,2023,7,day7.py,
TessFerrandez,2023,8,day8.py,
TessFerrandez,2023,9,day9.py,
TessFerrandez,2023,10,day10.py,
TessFerrandez,2023,11,day11.py,
TessFerrandez,2023,12,day12.py,
TessFerrandez,2023,13,day13.py,
TessFerrandez,2023,14,day14-2.py,
TessFerrandez,2023,14,day14.py,
TessFerrandez,2023,15,day15.py,
TessFerrandez,2023,16,day16.py,
TessFerrandez,2023,17,day17.py,
TessFerrandez,2023,18,day18.py,
TessFerrandez,2023,19,day19.py,
TessFerrandez,2023,20,day20.py,
TessFerrandez,2023,21,day21.py,
TessFerrandez,2023,22,day22.py,
TessFerrandez,2023,23,day23.py,
TessFerrandez,2024,1,day1.py,
TessFerrandez,2024,2,day2.py,
TessFerrandez,2024,3,day3.py,
TessFerrandez,2024,4,day4.py,
TessFerrandez,2024,5,day5.py,
TessFerrandez,2024,6,day6.py,
TessFerrandez,2024,7,day7.py,
TessFerrandez,2024,8,day8.py,
TessFerrandez,2024,9,day9.py,
TessFerrandez,2024,10,day10.py,
TessFerrandez,2024,11,day11.py,
TessFerrandez,2024,12,day12.py,
TessFerrandez,2024,13,day13.py,
TessFerrandez,2024,14,day14.py,
TessFerrandez,2024,15,day15.py,
TessFerrandez,2024,16,day16.py,
TessFerrandez,2024,17,day17.py,0.0269
TessFerrandez,2024,18,day18.py,
TessFerrandez,2024,19,day19.py,
TessFerrandez,2024,20,day20.py,
TessFerrandez,2024,21,day21.py,0.0244
TessFerrandez,2024,22,day22.py,
TessFerrandez,2024,23,day23.py,
TessFerrandez,2024,24,day24.py,
TessFerrandez,2024,25,day25.py,
TurtleSmoke,2021,1,main.py,
TurtleSmoke,2021,2,main.py,
TurtleSmoke,2021,3,main.py,
TurtleSmoke,2021,4,main.py,
TurtleSmoke,2021,5,main.py,
TurtleSmoke,2021,6,main.py,
TurtleSmoke,2021,7,main.py,
TurtleSmoke,2021,8,main.py,
TurtleSmoke,2021,9,main.py,
TurtleSmoke,2021,10,main.py,
TurtleSmoke,2021,11,main.py,
TurtleSmoke,2021,12,main.py,
TurtleSmoke,2021,13,main.py,
TurtleSmoke,2021,14,main.py,
TurtleSmoke,2021,15,main.py,
TurtleSmoke,2021,16,main.py,
TurtleSmoke,2021,17,main.py,
TurtleSmoke,2021,18,main.py,
TurtleSmoke,2021,19,main.py,
TurtleSmoke,2021,20,main.py,
TurtleSmoke,2021,21,main.py,
TurtleSmoke,2021,22,main.py,
TurtleSmoke,2021,23,main.py,
TurtleSmoke,2021,24,main.py,
TurtleSmoke,2021,25,main.py,
TurtleSmoke,2022,1,main.py,
TurtleSmoke,2022,2,main.py,
TurtleSmoke,2022,3,main.py,
TurtleSmoke,2022,4,main.py,
TurtleSmoke,2022,5,main.py,
TurtleSmoke,2022,6,main.py,
TurtleSmoke,2022,7,main.py,
TurtleSmoke,2022,8,main.py,
TurtleSmoke,2022,9,main.py,
TurtleSmoke,2022,10,main.py,
TurtleSmoke,2022,11,main.py,
TurtleSmoke,2022,12,main.py,
TurtleSmoke,2022,13,main.py,
TurtleSmoke,2022,14,main.py,
TurtleSmoke,2022,15,main.py,
TurtleSmoke,2022,16,main.py,
TurtleSmoke,2022,17,main.py,
TurtleSmoke,2022,18,main.py,
TurtleSmoke,2022,19,main.py,
TurtleSmoke,2022,20,main.py,
TurtleSmoke,2022,21,main.py,
TurtleSmoke,2022,22,main.py,
TurtleSmoke,2022,23,main.py,
TurtleSmoke,2022,24,main.py,
TurtleSmoke,2022,25,main.py,
TurtleSmoke,2023,1,main.py,
TurtleSmoke,2023,2,main.py,
TurtleSmoke,2023,3,main.py,
TurtleSmoke,2023,4,main.py,
TurtleSmoke,2023,5,main.py,
TurtleSmoke,2023,6,main.py,
TurtleSmoke,2023,7,main.py,
TurtleSmoke,2023,8,main.py,
TurtleSmoke,2023,9,main.py,
TurtleSmoke,2023,10,main.py,
TurtleSmoke,2023,11,main.py,
TurtleSmoke,2023,12,main.py,
TurtleSmoke,2023,13,main.py,
TurtleSmoke,2023,14,main.py,
TurtleSmoke,2023,15,main.py,
TurtleSmoke,2023,16,main.py,
TurtleSmoke,2023,17,main.py,
TurtleSmoke,2023,18,main.py,
TurtleSmoke,2023,19,main.py,
TurtleSmoke,2023,20,main.py,
TurtleSmoke,2023,21,main.py,
TurtleSmoke,2023,22,main.py,
TurtleSmoke,2023,23,main.py,
TurtleSmoke,2023,24,main.py,
TurtleSmoke,2023,25,main.py,
TurtleSmoke,2024,1,main.py,
TurtleSmoke,2024,2,main.py,
TurtleSmoke,2024,3,main.py,
TurtleSmoke,2024,4,main.py,
TurtleSmoke,2024,5,main.py,
TurtleSmoke,2024,6,main.py,
TurtleSmoke,2024,7,main.py,
TurtleSmoke,2024,8,main.py,
TurtleSmoke,2024,9,main.py,
TurtleSmoke,2024,10,main.py,
TurtleSmoke,2024,11,main.py,
TurtleSmoke,2024,12,main.py,
TurtleSmoke,2024,13,main.py,
TurtleSmoke,2024,14,main.py,
TurtleSmoke,2024,15,main.py,
TurtleSmoke,2024,16,main.py,
TurtleSmoke,2024,17,main.py,
TurtleSmoke,2024,18,main.py,
TurtleSmoke,2024,19,main.py,
TurtleSmoke,2024,20,main.py,
TurtleSmoke,2024,21,main.py,
TurtleSmoke,2024,22,main.py,
TurtleSmoke,2024,23,main.py,
TurtleSmoke,2024,24,main.py,
TurtleSmoke,2024,25,main.py,
gahjelle,2023,1,aoc202301.py,0.0323
gahjelle,2023,2,aoc202302.py,
gahjelle,2023,3,aoc202303.py,0.032
gahjelle,2023,4,aoc202304.py,
gahjelle,2023,5,aoc202305.py,0.0332
gahjelle,2023,6,aoc202306.py,0.0327
gahjelle,2023,6,aoc202306_formula.py,0.0324
gahjelle,2023,7,aoc202307.py,0.0329
gahjelle,2023,8,aoc202308.py,0.0326
gahjelle,2023,9,aoc202309.py,0.0318
gahjelle,2023,10,aoc202310.py,0.0326
gahjelle,2023,11,aoc202311.py,0.0318
gahjelle,2023,12,aoc202312.py,0.0319
gahjelle,2023,13,aoc202313.py,0.0319
gahjelle,2023,14,aoc202314.py,0.0324
gahjelle,2023,15,aoc202315.py,0.0319
gahjelle,2023,16,aoc202316.py,0.0323
gahjelle,2023,17,aoc202317.py,0.0327
gahjelle,2023,18,aoc202318.py,0.0329
gahjelle,2023,19,aoc202319.py,
gahjelle,2023,20,aoc202320.py,0.033
gahjelle,2023,21,aoc202321.py,0.0323
gahjelle,2023,22,aoc202322.py,0.0327
gahjelle,2023,24,aoc202324.py,
gahjelle,2023,25,aoc202325.py,
gahjelle,2024,1,aoc202401.py,0.0332
gahjelle,2024,2,aoc202402.py,0.0319
gahjelle,2024,3,aoc202403.py,
gahjelle,2024,4,aoc202404.py,0.0334
gahjelle,2024,5,aoc202405.py,0.0322
gahjelle,2024,6,aoc202406.py,0.0324
gahjelle,2024,7,aoc202407.py,0.0321
gahjelle,2024,8,aoc202408.py,0.0325
gahjelle,2024,9,aoc202409.py,0.0329
gahjelle,2024,10,aoc202410.py,0.0325
gahjelle,2024,11,aoc202411.py,0.0332
gahjelle,2024,12,aoc202412.py,0.0331
gahjelle,2024,13,aoc202413.py,
gahjelle,2024,14,aoc202414.py,
gahjelle,2024,15,aoc202415.py,
gahjelle,2024,16,aoc202416.py,0.033
gahjelle,2024,17,aoc202417.py,0.0323
gahjelle,2024,18,aoc202418.py,
gahjelle,2024,19,aoc202419.py,0.0322
gahjelle,2024,20,aoc202420.py,0.0328
gahjelle,2024,21,aoc202421.py,0.033
gahjelle,2024,22,aoc202422.py,0.0326
gahjelle,2024,23,aoc202423.py,0.0321
gahjelle,2024,25,aoc202425.py,0.0325
happycoder74,2015,1,aoc_2015_01.py,
happycoder74,2015,2,aoc_2015_02.py,
happycoder74,2015,3,aoc_2015_03.py,
happycoder74,2015,4,aoc_2015_04.py,
happycoder74,2015,5,aoc_2015_05.py,
happycoder74,2015,6,aoc_2015_06.py,
happycoder74,2015,7,aoc_2015_07.py,
happycoder74,2015,8,aoc_2015_08.py,
happycoder74,2015,9,aoc_2015_09.py,
happycoder74,2015,10,aoc_2015_10.py,
happycoder74,2015,11,aoc_2015_11.py,
happycoder74,2016,1,aoc_2016_01.py,
happycoder74,2016,2,aoc_2016_02.py,
happycoder74,2016,3,aoc_2016_03.py,
happycoder74,2016,4,aoc_2016_04.py,
happycoder74,2016,5,aoc_2016_05.py,
happycoder74,2016,6,aoc_2016_06.py,
happycoder74,2016,7,aoc_2016_07.py,
happycoder74,2016,8,aoc_2016_08.py,
happycoder74,2017,1,aoc_2017_01.py,
happycoder74,2017,2,aoc_2017_02.py,
happycoder74,2017,3,aoc_2017_03.py,
happycoder74,2018,2,aoc_2018_02.py,
happycoder74,2019,1,aoc_2019_01.py,
happycoder74,2020,1,aoc_2020_01.py,
happycoder74,2020,2,aoc_2020_02.py,
happycoder74,2020,3,aoc_2020_03.py,
happycoder74,2020,4,aoc_2020_04.py,
happycoder74,2020,5,aoc_2020_05.py,
happycoder74,2020,6,aoc_2020_06.py,
happycoder74,2020,7,aoc_2020_07.py,
happycoder74,2020,10,aoc_2020_10.py,
happycoder74,2020,16,aoc_2020_16.py,
happycoder74,2021,1,aoc_2021_01.py,
happycoder74,2021,2,aoc_2021_02.py,
happycoder74,2021,3,aoc_2021_03.py,
happycoder74,2021,4,aoc_2021_04.py,
happycoder74,2021,5,aoc_2021_05.py,
happycoder74,2021,6,aoc_2021_06.py,
happycoder74,2021,7,aoc_2021_07.py,
happycoder74,2021,8,aoc_2021_08.py,
happycoder74,2021,9,aoc_2021_09.py,
happycoder74,2021,10,aoc_2021_10.py,
happycoder74,2021,11,aoc_2021_11.py,
happycoder74,2021,12,aoc_2021_12.py,
happycoder74,2021,13,aoc_2021_13.py,
happycoder74,2021,14,aoc_2021_14.py,
happycoder74,2021,16,aoc_2021_16.py,
happycoder74,2021,17,aoc_2021_17.py,
happycoder74,2021,18,aoc_2021_18.py,
happycoder74,2022,1,aoc_2022_01.py,
happycoder74,2022,2,aoc_2022_02.py,
happycoder74,2022,3,aoc_2022_03.py,
happycoder74,2022,4,aoc_2022_04.py,
happycoder74,2022,5,aoc_2022_05.py,
happycoder74,2022,6,aoc_2022_06.py,
happycoder74,2022,7,aoc_2022_07.py,
happycoder74,2022,8,aoc_2022_08.py,
happycoder74,2022,9,aoc_2022_09.py,
happycoder74,2022,10,aoc_2022_10.py,
happycoder74,2022,11,aoc_2022_11.py,
happycoder74,2022,12,aoc_2022_12.py,
happycoder74,2022,13,aoc_2022_13.py,
happycoder74,2022,14,aoc_2022_14.py,
happycoder74,2022,18,aoc_2022_18.py,
happycoder74,2022,20,aoc_2022_20.py,
happycoder74,2022,21,aoc_2022_21.py,
happycoder74,2022,25,aoc_2022_25.py,
happycoder74,2023,1,aoc_2023_01.py,
happycoder74,2023,2,aoc_2023_02.py,
happycoder74,2023,4,aoc_2023_04.py,
happycoder74,2023,5,aoc_2023_05.py,
happycoder74,2023,6,aoc_2023_06.py,
happycoder74,2023,7,aoc_2023_07.py,
happycoder74,2023,8,aoc_2023_08.py,
happycoder74,2023,9,aoc_2023_09.py,
happycoder74,2023,10,aoc_2023_10.py,
happycoder74,2023,11,aoc_2023_11.py,
happycoder74,2023,12,aoc_2023_12.py,
happycoder74,2023,13,aoc_2023_13.py,
happycoder74,2024,1,aoc_2024_01.py,
happycoder74,2024,2,aoc_2024_02.py,
happycoder74,2024,3,aoc_2024_03.py,
happycoder74,2024,5,aoc_2024_05.py,
happycoder74,2024,7,aoc_2024_07.py,
happycoder74,2024,8,aoc_2024_08.py,
happycoder74,2024,9,aoc_2024_09.py,
happycoder74,2024,10,aoc_2024_10.py,
happycoder74,2024,11,aoc_2024_11.py,
happycoder74,2024,13,aoc_2024_13.py,
happycoder74,2024,14,aoc_2024_14.py,
hyperneutrino,2021,1,day1p1.py,
hyperneutrino,2021,1,day1p2.py,
hyperneutrino,2021,2,day2p1.py,
hyperneutrino,2021,2,day2p2.py,
hyperneutrino,2021,3,day3p1.py,
hyperneutrino,2021,3,day3p2.py,
hyperneutrino,2021,4,day4p1.py,
hyperneutrino,2021,4,day4p2.py,
hyperneutrino,2021,5,day5p1.py,
hyperneutrino,2021,5,day5p2.py,
hyperneutrino,2021,7,day7p1.py,
hyperneutrino,2021,7,day7p2.py,
hyperneutrino,2021,8,day8p1.py,
hyperneutrino,2021,8,day8p2.py,
hyperneutrino,2021,9,day9p1.py,
hyperneutrino,2021,9,day9p2.py,
hyperneutrino,2021,10,day10p1.py,
hyperneutrino,2021,10,day10p2.py,
hyperneutrino,2021,11,day11p1.py,
hyperneutrino,2021,11,day11p2.py,
hyperneutrino,2021,12,day12p1.py,
hyperneutrino,2021,12,day12p2.py,
hyperneutrino,2021,13,day13p1.py,
hyperneutrino,2021,13,day13p2.py,
hyperneutrino,2021,14,day14p1.py,
hyperneutrino,2021,14,day14p2.py,
hyperneutrino,2021,15,day15p1.py,
hyperneutrino,2021,15,day15p2.py,
hyperneutrino,2021,16,day16p1.py,
hyperneutrino,2021,16,day16p2.py,
hyperneutrino,2021,17,day17p1.py,
hyperneutrino,2021,17,day17p2.py,
hyperneutrino,2021,18,day18p1.py,
hyperneutrino,2021,18,day18p2.py,
hyperneutrino,2021,19,day19p1.py,
hyperneutrino,2021,19,day19p2.py,
hyperneutrino,2021,20,day20p1.py,
hyperneutrino,2021,20,day20p2.py,
hyperneutrino,2021,21,day21p1.py,
hyperneutrino,2021,21,day21p2.py,
hyperneutrino,2021,22,day22p1.py,
hyperneutrino,2021,22,day22p2.py,
hyperneutrino,2021,23,day23p2.py,
hyperneutrino,2021,25,day25.py,
hyperneutrino,2022,1,day01p1.py,
hyperneutrino,2022,1,day01p2.py,
hyperneutrino,2022,2,day02p1.py,0.0186
hyperneutrino,2022,2,day02p2.py,0.0191
hyperneutrino,2022,3,day03p1.py,0.0188
hyperneutrino,2022,3,day03p2.py,0.0185
hyperneutrino,2022,4,day04p1.py,
hyperneutrino,2022,4,day04p2.py,
hyperneutrino,2022,5,day05p1.py,0.0275
hyperneutrino,2022,5,day05p2.py,0.0276
hyperneutrino,2022,6,day06p1.py,0.0184
hyperneutrino,2022,6,day06p2.py,0.0208
hyperneutrino,2022,7,day07p1.py,
hyperneutrino,2022,7,day07p2.py,
hyperneutrino,2022,8,day08p1.py,0.0417
hyperneutrino,2022,8,day08p2.py,0.0402
hyperneutrino,2022,9,day09p1.py,0.026
hyperneutrino,2022,9,day09p2.py,0.0685
hyperneutrino,2022,10,day10p1.py,0.0183
hyperneutrino,2022,10,day10p2.py,0.0186
hyperneutrino,2022,11,day11p1.py,0.0186
hyperneutrino,2022,11,day11p2.py,0.2235
hyperneutrino,2022,12,day12p1.py,
hyperneutrino,2022,12,day12p2.py,
hyperneutrino,2022,13,day13p1.py,
hyperneutrino,2022,13,day13p2.py,
hyperneutrino,2022,14,day14p1.py,0.053
hyperneutrino,2022,14,day14p2.py,1.2543
hyperneutrino,2022,15,day15p1.py,0.4847
hyperneutrino,2022,15,day15p2.py,
hyperneutrino,2022,16,day16p1.py,0.176
hyperneutrino,2022,16,day16p2.py,
hyperneutrino,2022,17,day17p1.py,0.5382
hyperneutrino,2022,17,day17p2.py,4.338
hyperneutrino,2022,18,day18p1.py,0.0246
hyperneutrino,2022,18,day18p2.py,0.075
hyperneutrino,2022,19,day19p1.py,1.409
hyperneutrino,2022,19,day19p2.py,7.207
hyperneutrino,2022,20,day20p1.py,
hyperneutrino,2022,20,day20p2.py,
hyperneutrino,2022,21,day21p1.py,
hyperneutrino,2022,21,day21p2.py,
hyperneutrino,2022,22,day22p1.py,0.038
hyperneutrino,2022,22,day22p2.py,0.0374
hyperneutrino,2022,23,day23p1.py,0.1139
hyperneutrino,2022,23,day23p2.py,6.741
hyperneutrino,2022,24,day24p1.py,0.8129
hyperneutrino,2022,24,day24p2.py,4.271
hyperneutrino,2022,25,day25.py,0.018
hyperneutrino,2023,1,day01p1.py,0.0189
hyperneutrino,2023,1,day01p2.py,0.0301
hyperneutrino,2023,2,day02p1.py,0.0187
hyperneutrino,2023,2,day02p2.py,0.0192
hyperneutrino,2023,3,day03p1.py,0.0231
hyperneutrino,2023,3,day03p2.py,0.0214
hyperneutrino,2023,4,day04p1.py,0.02
hyperneutrino,2023,4,day04p2.py,0.0202
hyperneutrino,2023,5,day05p1.py,0.0184
hyperneutrino,2023,5,day05p2.py,0.0198
hyperneutrino,2023,6,day06p1.py,0.0189
hyperneutrino,2023,6,day06p2.py,6.3224
hyperneutrino,2023,7,day07p1.py,0.0199
hyperneutrino,2023,7,day07p2.py,0.2502
hyperneutrino,2023,8,day08p1.py,0.0238
hyperneutrino,2023,8,day08p2.py,0.0833
hyperneutrino,2023,9,day09p1.py,0.0208
hyperneutrino,2023,9,day09p2.py,0.0213
hyperneutrino,2023,10,day10p1.py,0.0338
hyperneutrino,2023,10,day10p2.py,0.0435
hyperneutrino,2023,11,day11p1.py,1.0368
hyperneutrino,2023,11,day11p2.py,1.1153
hyperneutrino,2023,12,day12p1.py,0.037
hyperneutrino,2023,12,day12p2.py,0.2619
hyperneutrino,2023,13,day13p1.py,0.0199
hyperneutrino,2023,13,day13p2.py,0.026
hyperneutrino,2023,14,day14p1.py,0.0193
hyperneutrino,2023,14,day14p2.py,0.3715
hyperneutrino,2023,15,day15p1.py,0.0201
hyperneutrino,2023,15,day15p2.py,0.0207
hyperneutrino,2023,16,day16p1.py,0.0318
hyperneutrino,2023,16,day16p2.py,1.1937
hyperneutrino,2023,17,day17p1.py,0.9073
hyperneutrino,2023,17,day17p2.py,2.7414
hyperneutrino,2023,18,day18p1.py,0.0186
hyperneutrino,2023,18,day18p2.py,0.0186
hyperneutrino,2023,19,day19p1.py,0.0205
hyperneutrino,2023,19,day19p2.py,0.0202
hyperneutrino,2023,20,day20p1.py,0.0541
hyperneutrino,2023,20,day20p2.py,0.1511
hyperneutrino,2023,21,day21p1.py,0.0376
hyperneutrino,2023,21,day21p2.py,0.1487
hyperneutrino,2023,22,day22p1.py,0.3392
hyperneutrino,2023,22,day22p2.py,0.3538
hyperneutrino,2023,23,day23p1.py,0.0533
hyperneutrino,2023,23,day23p2.py,
hyperneutrino,2023,24,day24p1.py,0.077
hyperneutrino,2023,24,day24p2.py,
hyperneutrino,2023,25,day25.py,
hyperneutrino,2024,1,day01p1.py,0.0188
hyperneutrino,2024,1,day01p2.py,0.025
hyperneutrino,2024,2,day02p1.py,0.0202
hyperneutrino,2024,2,day02p2.py,0.0238
hyperneutrino,2024,3,day03p1.py,0.0276
hyperneutrino,2024,3,day03p2.py,0.0272
hyperneutrino,2024,4,day04p1.py,0.0334
hyperneutrino,2024,4,day04p2.py,0.0213
hyperneutrino,2024,5,day05p1.py,0.0211
hyperneutrino,2024,5,day05p2.py,0.0259
hyperneutrino,2024,6,day06p1.py,0.0211
hyperneutrino,2024,6,day06p2.py,
hyperneutrino,2024,7,day07p1.py,0.0216
hyperneutrino,2024,7,day07p2.py,0.0241
hyperneutrino,2024,8,day08p1.py,0.0187
hyperneutrino,2024,8,day08p2.py,0.0197
hyperneutrino,2024,9,day09p1.py,0.0368
hyperneutrino,2024,9,day09p2.py,0.173
hyperneutrino,2024,10,day10p1.py,0.024
hyperneutrino,2024,10,day10p2.py,0.0241
hyperneutrino,2024,11,day11p1.py,0.2093
hyperneutrino,2024,11,day11p2.py,0.0822
hyperneutrino,2024,12,day12p1.py,0.0586
hyperneutrino,2024,12,day12p2.py,0.0837
hyperneutrino,2024,13,day13p1.py,0.0274
hyperneutrino,2024,13,day13p2.py,0.0277
hyperneutrino,2024,14,day14p1.py,0.0281
hyperneutrino,2024,14,day14p2.py,2.0977
hyperneutrino,2024,15,day15p1.py,0.0352
hyperneutrino,2024,15,day15p2.py,0.2358
hyperneutrino,2024,16,day16p1.py,0.5483
hyperneutrino,2024,16,day16p2.py,0.831
hyperneutrino,2024,17,day17p1.py,0.0267
hyperneutrino,2024,17,day17p2.py,0.0273
hyperneutrino,2024,18,day18p1.py,0.0282
hyperneutrino,2024,18,day18p2.py,0.0293
hyperneutrino,2024,19,day19p1.py,0.0282
hyperneutrino,2024,19,day19p2.py,0.0431
hyperneutrino,2024,20,day20p1.py,0.0419
hyperneutrino,2024,20,day20p2.py,2.9364
hyperneutrino,2024,21,day21p1.py,0.9677
hyperneutrino,2024,21,day21p2.py,0.0263
hyperneutrino,2024,22,day22p1.py,1.0907
hyperneutrino,2024,22,day22p2.py,4.3294
hyperneutrino,2024,23,day23p1.py,0.0591
hyperneutrino,2024,23,day23p2.py,2.0597
hyperneutrino,2024,24,day24p1.py,0.0187
hyperneutrino,2024,24,day24p2.py,
hyperneutrino,2024,25,day25.py,0.0486
itsvncl,2023,1,day1.py,
itsvncl,2023,2,day2.py,
itsvncl,2023,3,day3.py,
itsvncl,2024,1,p1.py,
itsvncl,2024,1,p2.py,
itsvncl,2024,2,p1.py,
itsvncl,2024,2,p2.py,
itsvncl,2024,3,p1.py,
itsvncl,2024,3,p2.py,
itsvncl,2024,4,p1.py,
itsvncl,2024,4,p2.py,
itsvncl,2024,5,p1.py,
itsvncl,2024,6,p1.py,
itsvncl,2024,6,p1p2_optimised.py,
itsvncl,2024,6,p2.py,
itsvncl,2024,7,p1.py,
itsvncl,2024,7,p2.py,
itsvncl,2024,8,p1.py,
itsvncl,2024,8,p2.py,
itsvncl,2024,9,p1.py,
itsvncl,2024,9,p2.py,
itsvncl,2024,10,p1.py,
itsvncl,2024,10,p2.py,
itsvncl,2024,11,p1.py,
itsvncl,2024,11,p2_cache_func.py,
jonathanpaulson,2020,1,1.py,0.1578
jonathanpaulson,2020,2,2.py,0.0245
jonathanpaulson,2020,3,3.py,0.0201
jonathanpaulson,2020,4,4.py,0.0297
jonathanpaulson,2020,5,5.py,0.0294
jonathanpaulson,2020,6,6.py,0.0303
jonathanpaulson,2020,7,7.py,0.0319
jonathanpaulson,2020,8,8.py,0.6066
jonathanpaulson,2020,9,9.py,
jonathanpaulson,2020,10,10.py,0.0275
jonathanpaulson,2020,11,11.py,2.9625
jonathanpaulson,2020,12,12.py,
jonathanpaulson,2020,13,13.py,
jonathanpaulson,2020,14,14.py,0.0305
jonathanpaulson,2020,15,15.py,
jonathanpaulson,2020,16,16.py,0.0603
jonathanpaulson,2020,17,17.py,0.0805
jonathanpaulson,2020,18,18.py,0.0298
jonathanpaulson,2020,19,19.py,
jonathanpaulson,2020,20,20.py,
jonathanpaulson,2020,21,21.py,0.0299
jonathanpaulson,2020,22,22.py,1.0358
jonathanpaulson,2020,23,23.py,2.6758
jonathanpaulson,2020,24,24.py,0.9758
jonathanpaulson,2020,25,25.py,
jonathanpaulson,2021,1,1.py,
jonathanpaulson,2021,2,2.py,
jonathanpaulson,2021,3,3.py,
jonathanpaulson,2021,4,4.py,
jonathanpaulson,2021,5,5.py,
jonathanpaulson,2021,6,6.py,
jonathanpaulson,2021,7,7.py,
jonathanpaulson,2021,8,8.py,
jonathanpaulson,2021,9,9.py,
jonathanpaulson,2021,10,10.py,
jonathanpaulson,2021,11,11.py,
jonathanpaulson,2021,12,12.py,
jonathanpaulson,2021,13,13.py,
jonathanpaulson,2021,14,14.py,
jonathanpaulson,2021,15,15.py,
jonathanpaulson,2021,16,16.py,
jonathanpaulson,2021,17,17.py,
jonathanpaulson,2021,18,18.py,
jonathanpaulson,2021,19,19.py,
jonathanpaulson,2021,20,20.py,
jonathanpaulson,2021,21,21.py,
jonathanpaulson,2021,22,22.py,
jonathanpaulson,2021,23,23.py,6.2039
jonathanpaulson,2021,24,24.py,0.0183
jonathanpaulson,2021,25,25.py,
jonathanpaulson,2022,1,1.py,
jonathanpaulson,2022,2,2.py,
jonathanpaulson,2022,3,3.py,
jonathanpaulson,2022,4,4.py,
jonathanpaulson,2022,5,5.py,
jonathanpaulson,2022,6,6.py,
jonathanpaulson,2022,7,7.py,
jonathanpaulson,2022,8,8.py,
jonathanpaulson,2022,9,9.py,
jonathanpaulson,2022,10,10.py,
jonathanpaulson,2022,11,11.py,
jonathanpaulson,2022,12,12.py,
jonathanpaulson,2022,13,13.py,
jonathanpaulson,2022,14,14.py,
jonathanpaulson,2022,15,15.py,
jonathanpaulson,2022,17,17.py,
jonathanpaulson,2022,18,18.py,
jonathanpaulson,2022,19,19.py,
jonathanpaulson,2022,20,20.py,
jonathanpaulson,2022,21,21.py,
jonathanpaulson,2022,22,22.py,
jonathanpaulson,2022,23,23.py,
jonathanpaulson,2022,24,24.py,
jonathanpaulson,2022,25,25.py,
jonathanpaulson,2023,1,1.py,
jonathanpaulson,2023,2,2.py,
jonathanpaulson,2023,3,3.py,
jonathanpaulson,2023,4,4.py,
jonathanpaulson,2023,5,5.py,
jonathanpaulson,2023,6,6.py,
jonathanpaulson,2023,7,7.py,
jonathanpaulson,2023,8,8.py,
jonathanpaulson,2023,9,9.py,
jonathanpaulson,2023,10,10.py,
jonathanpaulson,2023,11,11.py,
jonathanpaulson,2023,12,12.py,
jonathanpaulson,2023,13,13.py,
jonathanpaulson,2023,14,14.py,
jonathanpaulson,2023,15,15.py,
jonathanpaulson,2023,16,16.py,
jonathanpaulson,2023,17,17.py,
jonathanpaulson,2023,18,18.py,
jonathanpaulson,2023,19,19.py,
jonathanpaulson,2023,20,20.py,
jonathanpaulson,2023,21,21.py,
jonathanpaulson,2023,22,22.py,
jonathanpaulson,2023,23,23.py,
jonathanpaulson,2023,24,24.py,
jonathanpaulson,2023,25,25.py,
jonathanpaulson,2024,1,1.py,
jonathanpaulson,2024,2,2.py,
jonathanpaulson,2024,3,3.py,
jonathanpaulson,2024,4,4.py,
jonathanpaulson,2024,5,5.py,
jonathanpaulson,2024,6,6.py,
jonathanpaulson,2024,7,7.py,
jonathanpaulson,2024,8,8.py,
jonathanpaulson,2024,9,9.py,
jonathanpaulson,2024,10,10.py,
jonathanpaulson,2024,11,11.py,
jonathanpaulson,2024,12,12.py,
jonathanpaulson,2024,13,13.py,
jonathanpaulson,2024,13,13_2.py,
jonathanpaulson,2024,14,14.py,
jonathanpaulson,2024,15,15.py,
jonathanpaulson,2024,16,16.py,
jonathanpaulson,2024,17,17.py,
jonathanpaulson,2024,18,18.py,
jonathanpaulson,2024,19,19.py,
jonathanpaulson,2024,20,20.py,
jonathanpaulson,2024,21,21.py,
jonathanpaulson,2024,22,22.py,
jonathanpaulson,2024,23,23.py,
jonathanpaulson,2024,24,24.py,
jonathanpaulson,2024,25,25.py,
jromero132,2015,1,main.py,0.0182
jromero132,2015,2,main.py,
jromero132,2015,3,main.py,0.0192
jromero132,2015,4,main.py,0.1117
jromero132,2015,5,main.py,0.0193
jromero132,2015,6,main.py,
jromero132,2015,7,main.py,
jromero132,2015,8,main.py,0.0203
jromero132,2015,9,main.py,0.059
jromero132,2015,10,main.py,0.1331
jromero132,2016,1,main.py,0.0183
jromero132,2016,2,main.py,0.0182
jromero132,2016,3,main.py,
jromero132,2016,4,main.py,
jromero132,2016,5,main.py,5.6846
jromero132,2016,6,main.py,0.0219
jromero132,2016,7,main.py,0.0499
jromero132,2016,8,main.py,0.0187
jromero132,2016,9,main.py,0.0182
jromero132,2016,10,main.py,0.0215
jromero132,2017,1,main.py,0.0182
jromero132,2017,2,main.py,0.0187
jromero132,2017,3,main.py,0.0181
jromero132,2017,4,main.py,0.0185
jromero132,2017,5,main.py,
jromero132,2017,6,main.py,0.0356
jromero132,2017,7,main.py,
jromero132,2017,8,main.py,0.0311
jromero132,2017,9,main.py,0.0259
jromero132,2017,10,main.py,0.0201
jromero132,2018,1,main.py,0.0185
jromero132,2018,2,main.py,0.0186
jromero132,2018,3,main.py,
jromero132,2018,4,main.py,0.0226
jromero132,2018,5,main.py,0.025
jromero132,2018,6,main.py,0.7417
jromero132,2018,7,main.py,0.0217
jromero132,2018,8,main.py,0.0221
jromero132,2018,9,main.py,0.059
jromero132,2018,10,main.py,9.1225
jromero132,2019,1,main.py,0.0182
jromero132,2019,2,main.py,0.018
jromero132,2019,3,main.py,0.069
jromero132,2019,4,main.py,0.1755
jromero132,2019,5,main.py,0.0216
jromero132,2019,6,main.py,0.023
jromero132,2019,7,main.py,0.0213
jromero132,2019,8,main.py,0.0192
jromero132,2019,9,main.py,0.0224
jromero132,2019,10,main.py,0.0534
jromero132,2020,1,main.py,0.0181
jromero132,2020,2,main.py,0.0194
jromero132,2020,3,main.py,0.0181
jromero132,2020,4,main.py,0.0186
jromero132,2020,5,main.py,0.0193
jromero132,2020,6,main.py,0.0184
jromero132,2020,7,main.py,0.0197
jromero132,2020,8,main.py,0.0184
jromero132,2020,9,main.py,
jromero132,2020,10,main.py,0.0182
jromero132,2021,1,main.py,0.0182
jromero132,2021,2,main.py,0.0182
jromero132,2021,3,main.py,0.0194
jromero132,2021,4,main.py,0.0228
jromero132,2021,5,main.py,0.0851
jromero132,2021,6,main.py,0.0178
jromero132,2021,7,main.py,0.0222
jromero132,2021,8,main.py,0.0182
jromero132,2021,9,main.py,0.0252
jromero132,2021,10,main.py,0.019
jromero132,2022,1,main.py,
jromero132,2022,2,main.py,0.0185
jromero132,2022,3,main.py,0.0182
jromero132,2022,4,main.py,
jromero132,2022,5,main.py,0.0188
jromero132,2022,6,main.py,0.0183
jromero132,2022,7,main.py,
jromero132,2022,8,main.py,0.0221
jromero132,2022,9,main.py,0.0406
jromero132,2022,10,main.py,0.018
jromero132,2022,11,main.py,0.0476
jromero132,2022,12,main.py,
jromero132,2022,13,main.py,
jromero132,2022,14,main.py,
jromero132,2023,1,main.py,0.0189
jromero132,2023,2,main.py,0.019
jromero132,2023,3,main.py,0.0213
jromero132,2023,4,main.py,0.0188
jromero132,2023,5,main.py,0.0181
jromero132,2023,6,main.py,0.0183
jromero132,2023,7,main.py,0.0208
jromero132,2023,8,main.py,0.0202
jromero132,2023,9,main.py,0.0212
jromero132,2023,10,main.py,0.0309
jromero132,2023,11,main.py,0.0313
jromero132,2023,12,main.py,0.033
jromero132,2023,13,main.py,0.019
jromero132,2023,14,main.py,0.0184
jromero132,2023,15,main.py,0.0194
jromero132,2023,16,main.py,0.0287
jromero132,2023,17,main.py,0.5821
jromero132,2023,18,main.py,0.0186
jromero132,2023,19,main.py,0.0321
jromero132,2023,20,main.py,0.0417
jromero132,2023,21,main.py,0.1146
jromero132,2023,22,main.py,0.2595
jromero132,2024,1,main.py,0.0193
jromero132,2024,2,main.py,0.0196
jromero132,2024,3,main.py,0.0268
jromero132,2024,4,main.py,0.0552
jromero132,2024,5,main.py,0.0203
jromero132,2024,6,main.py,0.0228
jromero132,2024,7,main.py,0.1607
jromero132,2024,8,main.py,0.0214
jromero132,2024,9,main.py,0.0326
jromero132,2024,10,main.py,0.0199
jromero132,2024,11,main.py,0.1152
jromero132,2024,12,main.py,0.0314
jromero132,2024,13,main.py,0.0192
jromero132,2024,14,main.py,0.0327
jromero132,2024,15,main.py,0.024
jromero132,2024,16,main.py,0.4042
jromero132,2024,17,main.py,0.0182
jromero132,2024,18,main.py,0.0225
jromero132,2024,19,main.py,1.083
jromero132,2024,20,main.py,7.3354
jromero132,2024,21,main.py,0.0233
jromero132,2024,22,main.py,0.8421
jromero132,2024,23,main.py,0.669
jromero132,2024,24,main.py,0.0216
jromero132,2024,25,main.py,0.1405
marcelblijleven,2015,1,day_01_2015.py,
marcelblijleven,2015,2,day_02_2015.py,
marcelblijleven,2015,3,day_03_2015.py,
marcelblijleven,2015,4,day_04_2015.py,
marcelblijleven,2015,5,day_05_2015.py,
marcelblijleven,2015,6,day_06_2015.py,
marcelblijleven,2015,7,day_07_2015.py,
marcelblijleven,2015,8,day_08_2015.py,
marcelblijleven,2015,9,day_09_2015.py,
marcelblijleven,2015,10,day_10_2015.py,
marcelblijleven,2015,11,day_11_2015.py,
marcelblijleven,2015,12,day_12_2015.py,
marcelblijleven,2015,13,day_13_2015.py,
marcelblijleven,2015,14,day_14_2015.py,
marcelblijleven,2015,15,day_15_2015.py,
marcelblijleven,2015,16,day_16_2015.py,
marcelblijleven,2015,17,day_17_2015.py,
marcelblijleven,2015,18,day_18_2015.py,
marcelblijleven,2015,19,day_19_2015.py,
marcelblijleven,2015,20,day_20_2015.py,
marcelblijleven,2015,21,day_21_2015.py,
marcelblijleven,2015,22,day_22_2015.py,
marcelblijleven,2015,23,day_23_2015.py,
marcelblijleven,2015,24,day_24_2015.py,
marcelblijleven,2015,25,day_25_2015.py,
marcelblijleven,2020,1,day_01_2020.py,
marcelblijleven,2020,2,day_02_2020.py,
marcelblijleven,2020,3,day_03_2020.py,
marcelblijleven,2020,4,day_04_2020.py,
marcelblijleven,2020,5,day_05_2020.py,
marcelblijleven,2020,6,day_06_2020.py,
marcelblijleven,2020,7,day_07_2020.py,
marcelblijleven,2020,8,day_08_2020.py,
marcelblijleven,2020,9,day_09_2020.py,
marcelblijleven,2020,10,day_10_2020.py,
marcelblijleven,2020,11,day_11_2020.py,
marcelblijleven,2020,12,day_12_2020.py,
marcelblijleven,2020,13,day_13_2020.py,
marcelblijleven,2020,14,day_14_2020.py,
marcelblijleven,2020,15,day_15_2020.py,
marcelblijleven,2020,16,day_16_2020.py,
marcelblijleven,2021,1,day_01_2021.py,
marcelblijleven,2021,2,day_02_2021.py,
marcelblijleven,2021,3,day_03_2021.py,
marcelblijleven,2021,4,day_04_2021.py,
marcelblijleven,2021,5,day_05_2021.py,
marcelblijleven,2021,6,day_06_2021.py,
marcelblijleven,2021,7,day_07_2021.py,
marcelblijleven,2021,8,day_08_2021.py,
marcelblijleven,2021,9,day_09_2021.py,
marcelblijleven,2021,10,day_10_2021.py,
marcelblijleven,2021,11,day_11_2021.py,
marcelblijleven,2021,12,day_12_2021.py,
marcelblijleven,2021,13,day_13_2021.py,
marcelblijleven,2021,14,day_14_2021.py,
marcelblijleven,2021,15,day_15_2021.py,
marcelblijleven,2021,16,day_16_2021.py,
marcelblijleven,2021,17,day_17_2021.py,
marcelblijleven,2021,18,day_18_2021.py,
marcelblijleven,2021,19,day_19_2021.py,
marcelblijleven,2021,20,day_20_2021.py,
marcelblijleven,2021,21,day_21_2021.py,
marcelblijleven,2021,22,day_22_2021.py,
marcelblijleven,2021,25,day_25_2021.py,
marcelblijleven,2022,1,day_01_2022.py,
marcelblijleven,2022,2,day_02_2022.py,
marcelblijleven,2022,3,day_03_2022.py,
marcelblijleven,2022,4,day_04_2022.py,
marcelblijleven,2022,5,day_05_2022.py,
marcelblijleven,2022,6,day_06_2022.py,
marcelblijleven,2022,7,day_07_2022.py,
marcelblijleven,2022,8,day_08_2022.py,
marcelblijleven,2022,9,day_09_2022.py,
marcelblijleven,2022,10,day_10_2022.py,
marcelblijleven,2022,11,day_11_2022.py,
marcelblijleven,2022,13,day_13_2022.py,
marcelblijleven,2022,14,day_14_2022.py,
marcelblijleven,2022,15,day_15_2022.py,
marcelblijleven,2023,1,day_01_2023.py,
marcelblijleven,2023,2,day_02_2023.py,
marcelblijleven,2023,3,day_03_2023.py,
marcelblijleven,2023,4,day_04_2023.py,
marcelblijleven,2023,5,day_05_2023.py,
marcelblijleven,2023,6,day_06_2023.py,
marcelblijleven,2023,7,day_07_2023.py,
marcelblijleven,2023,8,day_08_2023.py,
marcelblijleven,2023,9,day_09_2023.py,
marcelblijleven,2024,1,day_01_2024.py,
maread99,2022,1,day01.py,
maread99,2022,2,day02.py,
maread99,2022,3,day03.py,
maread99,2022,4,day04.py,
maread99,2022,5,day05.py,
maread99,2022,6,day06.py,
maread99,2022,7,day07.py,
maread99,2022,8,day08.py,
maread99,2022,9,day09.py,
maread99,2022,9,day09_comb.py,
maread99,2022,10,day10.py,
maread99,2022,11,day11.py,
maread99,2022,12,day12.py,
maread99,2022,13,day13.py,
maread99,2022,14,day14.py,
maread99,2022,15,day15.py,
maread99,2022,16,day16_rev.py,
maread99,2022,17,day17.py,
maread99,2022,18,day18.py,
maread99,2022,19,day19.py,
maread99,2022,20,day20.py,
maread99,2022,21,day21.py,
maread99,2022,22,day22.py,
maread99,2022,23,day23.py,
maread99,2022,24,day24.py,
maread99,2022,25,day25.py,
maread99,2023,1,01.py,
maread99,2023,2,02.py,
maread99,2023,3,03.py,
maread99,2023,4,04.py,
maread99,2023,5,05.py,
maread99,2023,6,06.py,
maread99,2023,7,07.py,
maread99,2023,8,08.py,
maread99,2023,9,09.py,
maread99,2023,10,10.py,
maread99,2023,11,11.py,
maread99,2023,12,12.py,
maread99,2023,13,13.py,
maread99,2023,14,14.py,
maread99,2023,15,15.py,
maread99,2023,16,16.py,
maread99,2023,17,17.py,
maread99,2023,18,18.py,
maread99,2023,19,19.py,
maread99,2023,20,20.py,
maread99,2023,22,22.py,
maread99,2023,24,24.py,
maread99,2023,25,25.py,
maread99,2024,1,01.py,
maread99,2024,2,02.py,
maread99,2024,3,03.py,
maread99,2024,4,04.py,
maread99,2024,5,05.py,
maread99,2024,6,06.py,
maread99,2024,7,07.py,
maread99,2024,8,08.py,
maread99,2024,9,09.py,
maread99,2024,10,10.py,
maread99,2024,11,11.py,
maread99,2024,12,12.py,
maread99,2024,13,13.py,
maread99,2024,14,14.py,
maread99,2024,15,15.py,
maread99,2024,16,16.py,
maread99,2024,17,17.py,
maread99,2024,18,18.py,
maread99,2024,19,19.py,
maread99,2024,20,20.py,
maread99,2024,21,21.py,
maread99,2024,22,22.py,
maread99,2024,23,23.py,
maread99,2024,24,24.py,
maread99,2024,25,25.py,
mebeim,2018,1,day01.py,
mebeim,2018,2,day02.py,
mebeim,2018,3,day03.py,
mebeim,2018,4,day04.py,
mebeim,2018,5,day05.py,
mebeim,2018,6,day06.py,
mebeim,2018,7,day07.py,
mebeim,2018,8,day08.py,
mebeim,2018,9,day09.py,
mebeim,2018,10,day10.py,
mebeim,2018,11,generate_animation.py,
mebeim,2018,12,day12.py,
mebeim,2018,13,generate_animation.py,
mebeim,2018,13,generate_data.py,
mebeim,2018,14,day14.py,
mebeim,2018,15,day15.py,
mebeim,2018,16,day16.py,
mebeim,2018,17,generate_image.py,
mebeim,2018,18,generate_animation.py,
mebeim,2018,18,generate_data.py,
mebeim,2018,19,day19.py,
mebeim,2018,20,day20.py,
mebeim,2018,21,day21.py,
mebeim,2018,22,day22.py,
mebeim,2018,23,day23.py,
mebeim,2018,24,day24.py,
mebeim,2018,25,day25.py,
mebeim,2019,1,day01.py,
mebeim,2019,2,day02.py,
mebeim,2019,3,up.py,0.4929
mebeim,2019,4,day04.py,
mebeim,2019,5,walkthrough_solution.py,
mebeim,2019,6,day06.py,
mebeim,2019,7,day07.py,
mebeim,2019,8,day08.py,
mebeim,2019,9,walkthrough_solution.py,
mebeim,2019,10,day10.py,
mebeim,2019,11,day11.py,
mebeim,2019,12,day12.py,
mebeim,2019,13,play.py,
mebeim,2019,14,day14.py,
mebeim,2019,15,day15.py,
mebeim,2019,16,day16.py,
mebeim,2019,17,day17.py,
mebeim,2019,18,day18.py,
mebeim,2019,19,day19.py,
mebeim,2019,20,day20.py,
mebeim,2019,21,day21.py,
mebeim,2019,22,day22.py,
mebeim,2019,23,day23.py,
mebeim,2019,24,day24.py,
mebeim,2019,25,day25.py,
mebeim,2020,1,day01.py,
mebeim,2020,2,day02.py,
mebeim,2020,3,day03.py,
mebeim,2020,4,day04.py,
mebeim,2020,5,day05.py,
mebeim,2020,6,day06.py,
mebeim,2020,7,day07.py,
mebeim,2020,8,day08.py,
mebeim,2020,9,day09.py,
mebeim,2020,10,day10.py,
mebeim,2020,11,day11.py,
mebeim,2020,12,complex.py,0.0186
mebeim,2020,13,modular_arithmetic.py,0.0194
mebeim,2020,14,day14.py,
mebeim,2020,15,day15.py,
mebeim,2020,16,day16.py,
mebeim,2020,17,day17.py,
mebeim,2020,18,hack.py,0.0528
mebeim,2020,19,regexp_hack.py,
mebeim,2020,20,day20.py,
mebeim,2020,21,day21.py,
mebeim,2020,22,day22.py,
mebeim,2020,23,day23.py,
mebeim,2020,24,day24.py,
mebeim,2020,25,brute.py,1.2781
mebeim,2021,1,day01.py,
mebeim,2021,2,day02.py,
mebeim,2021,3,day03.py,
mebeim,2021,4,day04.py,
mebeim,2021,5,day05.py,
mebeim,2021,6,day06.py,
mebeim,2021,7,day07.py,
mebeim,2021,8,day08.py,
mebeim,2021,9,day09.py,
mebeim,2021,10,day10.py,
mebeim,2021,11,day11.py,
mebeim,2021,12,day12.py,
mebeim,2021,13,day13.py,
mebeim,2021,14,day14.py,
mebeim,2021,15,day15.py,
mebeim,2021,16,day16.py,
mebeim,2021,17,day17.py,
mebeim,2021,18,day18.py,
mebeim,2021,19,day19.py,
mebeim,2021,20,day20.py,
mebeim,2021,21,day21.py,
mebeim,2021,22,coord_compression.py,
mebeim,2021,23,day23.py,
mebeim,2021,24,day24.py,
mebeim,2021,25,sparse_matrix.py,0.9832
mebeim,2022,1,day01.py,
mebeim,2022,2,mathematical.py,0.0191
mebeim,2022,3,day03.py,
mebeim,2022,4,day04.py,
mebeim,2022,5,day05.py,
mebeim,2022,6,day06.py,
mebeim,2022,7,day07.py,
mebeim,2022,8,day08.py,
mebeim,2022,8,faster_part1.py,0.0358
mebeim,2022,9,day09.py,
mebeim,2022,10,day10.py,
mebeim,2022,11,day11.py,
mebeim,2022,12,day12.py,
mebeim,2022,13,day13.py,
mebeim,2022,14,visualize.py,
mebeim,2022,15,day15.py,
mebeim,2022,16,day16.py,
mebeim,2022,17,day17.py,
mebeim,2022,18,day18.py,
mebeim,2022,19,day19.py,
mebeim,2022,20,deque.py,
mebeim,2022,21,day21.py,
mebeim,2022,22,day22.py,
mebeim,2022,23,day23.py,
mebeim,2022,24,day24.py,
mebeim,2022,25,day25.py,
mebeim,2023,1,day01.py,
mebeim,2023,2,day02.py,
mebeim,2023,3,day03.py,
mebeim,2023,4,day04.py,
mebeim,2023,5,day05.py,
mebeim,2023,6,day06.py,
mebeim,2023,7,day07.py,
mebeim,2023,8,day08.py,
mebeim,2023,9,day09.py,
mebeim,2023,10,day10.py,
mebeim,2023,11,day11.py,
mebeim,2023,12,day12.py,
mebeim,2023,13,day13.py,
mebeim,2023,14,day14.py,
mebeim,2023,15,day15.py,
mebeim,2023,16,day16.py,
mebeim,2023,17,day17.py,
mebeim,2023,18,day18.py,
mebeim,2023,19,day19.py,
mebeim,2023,20,day20.py,
mebeim,2023,21,day21.py,
mebeim,2023,22,day22.py,
mebeim,2023,23,day23.py,
mebeim,2023,24,day24.py,
mebeim,2023,25,day25.py,
mebeim,2024,1,day01.py,
mebeim,2024,2,day02.py,
mebeim,2024,3,day03.py,
mebeim,2024,4,day04.py,
mebeim,2024,5,day05.py,
mebeim,2024,6,day06.py,
mebeim,2024,7,day07.py,
mebeim,2024,8,day08.py,
mebeim,2024,9,day09.py,
mebeim,2024,10,day10.py,
mebeim,2024,11,day11.py,
mebeim,2024,12,day12.py,
mebeim,2024,13,day13.py,
mebeim,2024,14,day14.py,
mebeim,2024,15,day15.py,
mebeim,2024,16,day16.py,
mebeim,2024,17,day17.py,
mebeim,2024,18,day18.py,
mebeim,2024,19,day19.py,
mebeim,2024,20,day20.py,
mebeim,2024,21,day21.py,
mebeim,2024,22,day22.py,
mebeim,2024,23,day23.py,
mebeim,2024,24,day24.py,
mebeim,2024,25,day25.py,
mjpieters,2015,6,advent6.py,0.4635
mjpieters,2015,7,advent7.py,
mjpieters,2015,8,advent8.py,
mjpieters,2015,9,advent9.py,
mjpieters,2015,10,advent10.py,4.9464
mjpieters,2015,11,advent11.py,0.5033
mjpieters,2015,12,advent12.py,
mjpieters,2015,13,advent13.py,
mjpieters,2015,14,advent14.py,
mjpieters,2015,15,advent15.py,
mjpieters,2015,16,advent16.py,
mjpieters,2015,17,advent17.py,
mjpieters,2015,18,advent18.py,
mjpieters,2015,19,advent19.py,
mjpieters,2015,21,advent21.py,
mjpieters,2015,22,advent22.py,
mjpieters,2015,23,advent23.py,
mjpieters,2015,24,advent24.py,
mjpieters,2015,25,advent25.py,
mrphlip,2021,9,09.py,
mrphlip,2021,10,10.py,
mrphlip,2021,13,13.py,0.0188
mrphlip,2021,15,15.py,
mrphlip,2021,16,16.py,
mrphlip,2021,17,17.py,0.1163
mrphlip,2021,18,18.py,
mrphlip,2021,20,20.py,
mrphlip,2021,21,21.py,
mrphlip,2021,22,22a.py,
mrphlip,2021,22,22b.py,0.0397
mrphlip,2021,22,22c.py,
mrphlip,2021,23,23.py,6.0692
mrphlip,2021,24,24.py,
mrphlip,2021,25,25.py,
mrphlip,2022,1,01.py,
mrphlip,2022,2,02.py,
mrphlip,2022,3,03.py,
mrphlip,2022,4,04.py,
mrphlip,2022,5,05.py,
mrphlip,2022,6,06.py,0.0182
mrphlip,2022,7,07.py,
mrphlip,2022,8,08.py,
mrphlip,2022,9,09a.py,
mrphlip,2022,9,09b.py,
mrphlip,2022,11,11.py,
mrphlip,2022,12,12.py,
mrphlip,2022,13,13.py,
mrphlip,2022,14,14.py,
mrphlip,2022,15,15.py,
mrphlip,2022,16,16a.py,
mrphlip,2022,16,16b.py,
mrphlip,2022,17,17.py,
mrphlip,2022,18,18.py,
mrphlip,2022,19,19.py,
mrphlip,2022,20,20.py,
mrphlip,2022,22,22a.py,
mrphlip,2022,22,22b.py,
mrphlip,2022,23,23.py,
mrphlip,2022,24,24.py,
mrphlip,2022,25,25.py,
mrphlip,2023,1,01.py,
mrphlip,2023,2,02.py,
mrphlip,2023,3,03.py,
mrphlip,2023,4,04.py,
mrphlip,2023,5,05.py,
mrphlip,2023,6,06.py,0.0183
mrphlip,2023,6,06b.py,2.6667
mrphlip,2023,7,07.py,
mrphlip,2023,8,08.py,
mrphlip,2023,9,09.py,
mrphlip,2023,10,10.py,
mrphlip,2023,11,11.py,
mrphlip,2023,12,12a.py,
mrphlip,2023,12,12b.py,
mrphlip,2023,12,12c.py,
mrphlip,2023,13,13.py,
mrphlip,2023,14,14.py,
mrphlip,2023,15,15.py,
mrphlip,2023,16,16.py,
mrphlip,2023,17,17a.py,
mrphlip,2023,17,17b.py,
mrphlip,2023,18,18.py,
mrphlip,2023,19,19.py,
mrphlip,2023,20,20.py,
mrphlip,2023,21,21.py,
mrphlip,2023,21,21a.py,
mrphlip,2023,22,22.py,
mrphlip,2023,23,23.py,
mrphlip,2023,24,24.py,
mrphlip,2023,25,25.py,
mrphlip,2024,1,01.py,0.0271
mrphlip,2024,2,02.py,0.0272
mrphlip,2024,3,03.py,0.0314
mrphlip,2024,4,04.py,
mrphlip,2024,5,05.py,0.0314
mrphlip,2024,6,06.py,
mrphlip,2024,7,07.py,
mrphlip,2024,8,08.py,0.0318
mrphlip,2024,9,09.py,
mrphlip,2024,10,10.py,
mrphlip,2024,11,11.py,
mrphlip,2024,12,12.py,0.0319
mrphlip,2024,13,13.py,
mrphlip,2024,14,14.py,
mrphlip,2024,15,15.py,
mrphlip,2024,16,16.py,
mrphlip,2024,17,17.py,
mrphlip,2024,18,18.py,
mrphlip,2024,19,19.py,0.0363
mrphlip,2024,20,20.py,
mrphlip,2024,21,21.py,
mrphlip,2024,21,21a.py,
mrphlip,2024,22,22.py,
mrphlip,2024,23,23.py,
mrphlip,2024,24,24.py,
mrphlip,2024,25,25.py,
mrphlip,2024,25,25a.py,0.0357
ndunnett,2022,1,day01.py,0.0179
ndunnett,2022,2,day02.py,0.0183
ndunnett,2022,3,day03.py,0.0183
ndunnett,2022,4,day04.py,0.0246
ndunnett,2022,5,day05.py,0.0187
ndunnett,2022,6,day06.py,0.018
ndunnett,2022,7,day07.py,0.0234
ndunnett,2022,8,day08.py,0.0251
ndunnett,2022,9,day09.py,0.0196
ndunnett,2022,10,day10.py,0.0185
ndunnett,2022,11,day11.py,0.0226
ndunnett,2022,12,day12.py,
ndunnett,2022,13,day13.py,0.0266
ndunnett,2022,14,day14.py,0.0188
ndunnett,2022,15,day15.py,0.0273
ndunnett,2022,16,day16.py,0.0229
ndunnett,2022,17,day17.py,0.0184
ndunnett,2022,18,day18.py,0.0194
ndunnett,2022,19,day19.py,0.0287
ndunnett,2022,20,day20.py,0.0214
ndunnett,2022,21,day21.py,0.0212
ndunnett,2022,22,day22.py,0.029
ndunnett,2022,23,day23.py,0.0239
ndunnett,2022,24,day24.py,0.027
ndunnett,2022,25,day25.py,0.0179
ndunnett,2023,1,day01.py,0.0183
ndunnett,2023,2,day02.py,0.0191
ndunnett,2023,3,day03.py,
ndunnett,2023,4,day04.py,
ndunnett,2023,5,day05.py,0.0234
ndunnett,2023,6,day06.py,0.0225
ndunnett,2023,7,day07.py,0.0256
ndunnett,2023,8,day08.py,
ndunnett,2023,9,day09.py,0.0184
ndunnett,2023,10,day10.py,
ndunnett,2023,11,day11.py,
ndunnett,2023,12,day12.py,0.0245
ndunnett,2023,13,day13.py,
ndunnett,2023,14,day14.py,
ndunnett,2023,15,day15.py,0.0231
ndunnett,2023,16,day16.py,
ndunnett,2023,17,day17.py,
ndunnett,2023,18,day18.py,
ndunnett,2023,19,day19.py,0.0397
ndunnett,2023,20,day20.py,0.0408
ndunnett,2023,21,day21.py,
ndunnett,2023,22,day22.py,0.0494
ndunnett,2023,23,day23.py,
ndunnett,2023,24,day24.py,
ndunnett,2023,25,day25.py,0.0243
ndunnett,2024,1,day01.py,0.0228
ndunnett,2024,2,day02.py,0.0185
ndunnett,2024,3,day03.py,
ndunnett,2024,4,day04.py,0.028
ndunnett,2024,5,day05.py,0.0227
ndunnett,2024,6,day06.py,
ndunnett,2024,7,day07.py,
ndunnett,2024,8,day08.py,
ndunnett,2024,9,day09.py,0.0397
nthistle,2017,1,day01.py,
nthistle,2017,2,day02.py,
nthistle,2017,3,day03.py,0.021
nthistle,2017,4,day04.py,
nthistle,2017,5,day05.py,
nthistle,2017,6,day06.py,
nthistle,2017,7,day07.py,
nthistle,2017,8,day08.py,
nthistle,2017,9,day09.py,
nthistle,2017,10,day10.py,
nthistle,2017,11,day11.py,
nthistle,2017,12,day12.py,
nthistle,2017,13,day13.py,
nthistle,2017,14,day14.py,0.2653
nthistle,2017,15,day15.py,
nthistle,2017,16,day16.py,
nthistle,2017,17,day17.py,
nthistle,2017,18,day18.py,
nthistle,2017,19,day19.py,
nthistle,2017,20,day20.py,
nthistle,2017,21,day21.py,
nthistle,2017,22,day22.py,
nthistle,2017,23,day23.py,
nthistle,2017,24,day24.py,
nthistle,2017,25,day25.py,
nthistle,2018,1,day_1.py,0.0392
nthistle,2018,2,day_2.py,0.1284
nthistle,2018,3,day_3.py,
nthistle,2018,4,day_4.py,0.0378
nthistle,2018,5,day_5.py,0.0857
nthistle,2018,6,day_6.py,
nthistle,2018,7,day_7.py,0.0208
nthistle,2018,8,day_8.py,0.0328
nthistle,2018,10,day_10.py,0.0334
nthistle,2018,11,day_11.py,2.3437
nthistle,2018,12,day_12.py,0.0232
nthistle,2018,13,day_13.py,0.088
nthistle,2018,15,day_15.py,1.8799
nthistle,2018,16,day_16.py,0.039
nthistle,2018,17,day_17.py,0.0679
nthistle,2018,18,day_18.py,4.6219
nthistle,2018,19,day_19.py,5.4835
nthistle,2018,20,day_20.py,0.4391
nthistle,2018,21,day_21.py,0.0286
nthistle,2018,22,day_22.py,0.6246
nthistle,2018,23,day_23.py,
nthistle,2018,24,day_24.py,0.691
nthistle,2020,1,day1.py,
nthistle,2020,2,day2.py,
nthistle,2020,3,day3.py,
nthistle,2020,4,day4.py,
nthistle,2020,5,day5.py,
nthistle,2020,6,day6.py,
nthistle,2020,7,day7.py,
nthistle,2020,8,alt_day8.py,0.0487
nthistle,2020,9,day9.py,
nthistle,2020,10,day10.py,
nthistle,2020,11,day11.py,
nthistle,2020,12,day12.py,
nthistle,2020,13,day13.py,
nthistle,2020,14,day14.py,
nthistle,2020,15,day15.py,
nthistle,2020,16,day16.py,
nthistle,2020,17,day17.py,
nthistle,2020,18,day18.py,
nthistle,2020,19,day19.py,
nthistle,2020,20,day20.py,
nthistle,2020,21,day21.py,
nthistle,2020,22,day22.py,
nthistle,2020,23,day23.py,
nthistle,2020,24,day24.py,
nthistle,2020,25,day25.py,
nthistle,2021,1,day01.py,
nthistle,2021,2,day02.py,
nthistle,2021,3,day03.py,
nthistle,2021,4,day04.py,
nthistle,2021,5,day05.py,
nthistle,2021,6,day06.py,
nthistle,2021,7,day07.py,
nthistle,2021,8,day08.py,
nthistle,2021,9,day09.py,
nthistle,2021,11,day11.py,
nthistle,2021,12,day12.py,
nthistle,2021,13,day13.py,
nthistle,2021,14,day14.py,
nthistle,2021,15,day15.py,
nthistle,2021,16,day16.py,
nthistle,2021,17,day17.py,
nthistle,2021,18,day18.py,
nthistle,2021,19,day19.py,
nthistle,2022,1,aoc_tools.py,
nthistle,2022,2,aoc_tools.py,
nthistle,2022,3,aoc_tools.py,
nthistle,2022,4,aoc_tools.py,
nthistle,2022,5,aoc_tools.py,
nthistle,2022,6,aoc_tools.py,
nthistle,2022,7,aoc_tools.py,
nthistle,2022,8,aoc_tools.py,
nthistle,2022,9,aoc_tools.py,
nthistle,2022,9,day09_p2.py,
nthistle,2022,10,aoc_tools.py,
nthistle,2022,11,aoc_tools.py,
nthistle,2022,12,aoc_tools.py,
nthistle,2022,13,aoc_tools.py,
nthistle,2022,14,aoc_tools.py,
nthistle,2022,15,aoc_tools.py,0.0336
nthistle,2022,15,day15_p1.py,
nthistle,2022,15,day15_p2.py,
nthistle,2022,16,aoc_tools.py,0.0332
nthistle,2022,17,aoc_tools.py,0.0329
nthistle,2022,18,aoc_tools.py,0.0333
nthistle,2022,19,aoc_tools.py,0.0331
nthistle,2022,20,aoc_tools.py,0.0328
nthistle,2022,21,aoc_tools.py,0.033
nthistle,2022,22,aoc_tools.py,0.0334
nthistle,2022,23,aoc_tools.py,0.0332
nthistle,2022,24,aoc_tools.py,0.0329
nthistle,2022,25,aoc_tools.py,0.0333
pivoshenko,2024,1,part_01.py,
pivoshenko,2024,2,part_01.py,
pivoshenko,2024,3,part_01.py,
pivoshenko,2024,4,part_01.py,
pivoshenko,2024,5,part_01.py,
pivoshenko,2024,6,part_01.py,
pivoshenko,2024,7,part_01.py,
pivoshenko,2024,8,part_01.py,
pivoshenko,2024,9,part_01.py,
pivoshenko,2024,10,part_01.py,
pivoshenko,2024,11,part_01.py,
pivoshenko,2024,12,part_01.py,
pivoshenko,2024,13,part_01.py,
pivoshenko,2024,14,part_01.py,
pivoshenko,2024,15,part_01.py,
pivoshenko,2024,16,part_01.py,
pivoshenko,2024,17,part_01.py,
pivoshenko,2024,18,part_01.py,
pivoshenko,2024,19,part_01.py,
pivoshenko,2024,20,part_01.py,
pivoshenko,2024,22,part_01.py,
pivoshenko,2024,23,part_01.py,
pivoshenko,2024,24,part_01.py,
pivoshenko,2024,25,part_01.py,
r0f1,2024,1,main.py,
r0f1,2024,2,main.py,
r0f1,2024,3,main.py,
r0f1,2024,4,main.py,
r0f1,2024,5,main.py,
r0f1,2024,6,main.py,
r0f1,2024,7,main.py,
r0f1,2024,8,main.py,
r0f1,2024,9,main_part1.py,
r0f1,2024,9,main_part2.py,
r0f1,2024,10,main.py,
reycardo,2019,1,day1.py,
reycardo,2019,2,day2.py,
reycardo,2019,3,main.py,
reycardo,2019,4,main.py,
reycardo,2020,1,day1.py,
reycardo,2020,2,day2.py,
reycardo,2020,3,day3.py,
reycardo,2020,4,day4.py,
reycardo,2020,5,day5.py,
reycardo,2020,6,day6.py,
reycardo,2020,7,day7.py,
reycardo,2020,8,day8.py,
reycardo,2020,9,day9.py,
reycardo,2020,10,day10.py,
reycardo,2021,1,day1.py,
reycardo,2021,2,day2.py,
reycardo,2021,3,day3.py,
reycardo,2021,4,day4.py,
reycardo,2021,5,day5.py,
reycardo,2021,6,day6.py,
reycardo,2021,7,day7.py,
reycardo,2021,8,day8.py,
reycardo,2021,9,day9.py,
reycardo,2021,10,day10.py,
reycardo,2021,11,day11.py,
reycardo,2021,12,day12.py,
reycardo,2021,13,day13.py,
reycardo,2021,14,day14.py,
reycardo,2021,15,day15.py,
reycardo,2021,16,day16.py,
reycardo,2022,1,day1.py,
reycardo,2022,2,day2.py,
reycardo,2022,3,day3.py,
reycardo,2022,4,day4.py,
reycardo,2022,5,day5.py,0.0314
reycardo,2022,6,day6.py,
reycardo,2022,7,day7.py,
reycardo,2022,8,day8.py,
reycardo,2022,9,day9.py,
reycardo,2022,10,day10.py,
reycardo,2022,11,day11.py,
reycardo,2022,12,day12.py,
reycardo,2022,13,day13.py,
reycardo,2023,1,main.py,
reycardo,2023,2,main.py,
reycardo,2023,3,main.py,
reycardo,2023,4,main.py,
reycardo,2023,5,main.py,
reycardo,2023,6,main.py,
reycardo,2023,7,main.py,
reycardo,2023,8,main.py,
reycardo,2023,9,main.py,
reycardo,2023,10,main.py,
reycardo,2023,11,main.py,
reycardo,2023,12,main.py,
reycardo,2023,13,main.py,
reycardo,2023,14,main.py,
reycardo,2023,15,main.py,
reycardo,2023,16,main.py,
reycardo,2023,17,main.py,
reycardo,2023,18,main.py,
reycardo,2023,19,main.py,
reycardo,2023,20,main.py,
reycardo,2024,1,main.py,
reycardo,2024,2,main.py,
reycardo,2024,3,main.py,
reycardo,2024,4,main.py,
reycardo,2024,5,main.py,
reycardo,2024,6,main.py,
reycardo,2024,7,main.py,
reycardo,2024,8,main.py,
reycardo,2024,9,main.py,
reycardo,2024,10,main.py,
reycardo,2024,11,main.py,
reycardo,2024,12,main.py,
reycardo,2024,13,main.py,
reycardo,2024,14,main.py,
reycardo,2024,15,main.py,
reycardo,2024,16,main.py,
reycardo,2024,17,main.py,
reycardo,2024,18,main.py,
reycardo,2024,19,main.py,
reycardo,2024,20,main.py,
reycardo,2024,21,main.py,
reycardo,2024,22,main.py,
reycardo,2024,23,main.py,
reycardo,2024,24,main.py,
reycardo,2024,25,main.py,
ryuheechul,2023,1,part1.py,0.0282
ryuheechul,2023,1,part2.py,0.0294
ryuheechul,2023,2,part1.py,0.0407
ryuheechul,2023,2,part2.py,0.0406
ryuheechul,2023,3,part1.py,0.0424
ryuheechul,2023,3,part2.py,0.1437
ryuheechul,2023,4,part1.py,0.0264
ryuheechul,2023,4,part2.py,0.9747
ryuheechul,2023,5,calc.py,0.1152
ryuheechul,2023,5,part1.py,0.0198
ryuheechul,2023,5,part2.py,0.1214
ryuheechul,2023,6,part1.py,0.019
ryuheechul,2023,6,part2.py,2.7036
ryuheechul,2023,7,part1.py,0.028
ryuheechul,2023,7,part2.py,0.0279
ryuheechul,2023,8,part1.py,0.0272
ryuheechul,2023,8,part2.py,0.0764
ryuheechul,2023,9,part1.py,0.0211
ryuheechul,2023,9,part2.py,0.0214
ryuheechul,2023,10,part1.py,0.0328
ryuheechul,2023,10,part2.py,2.2758
ryuheechul,2023,11,part1.py,0.1075
ryuheechul,2023,11,part2.py,0.2508
ryuheechul,2023,12,gave_up_attempt_on_part2.py,
ryuheechul,2023,12,part1.py,
ryuheechul,2024,1,part1.py,0.0188
ryuheechul,2024,1,part2.py,0.0248
ryuheechul,2024,2,part1.py,0.0196
ryuheechul,2024,2,part2.py,0.0293
ryuheechul,2024,3,part1.py,0.0402
ryuheechul,2024,3,part2.py,0.0404
ryuheechul,2024,4,part1.py,0.0575
ryuheechul,2024,4,part2.py,0.0406
ryuheechul,2024,5,part1.py,0.15
ryuheechul,2024,5,part2.py,1.9008
ryuheechul,2024,6,part1.py,0.0426
ryuheechul,2024,6,part2.py,
ryuheechul,2024,7,part1.py,1.1539
ryuheechul,2024,7,part2.py,
ryuheechul,2024,8,part1.py,0.0191
ryuheechul,2024,8,part2.py,0.0201
ryuheechul,2024,9,part1.py,0.0425
ryuheechul,2024,9,part2.py,
ryuheechul,2024,10,part1.py,0.0279
ryuheechul,2024,10,part2.py,0.027
ryuheechul,2024,11,part1.py,0.1441
ryuheechul,2024,11,part2.py,0.3393
ryuheechul,2024,12,part1.py,6.1418
ryuheechul,2024,12,part2.py,6.2326
ryuheechul,2024,13,part1.py,
ryuheechul,2024,14,part1.py,0.0296
ryuheechul,2024,14,part2.py,0.0182
ryuheechul,2024,15,part1.py,0.1495
ryuheechul,2024,15,part2.py,0.1091
taflaj,2022,1,day01.py,0.0179
taflaj,2022,2,day02.py,0.0182
taflaj,2022,3,day03.py,0.0188
taflaj,2022,4,day04.py,0.018
taflaj,2022,5,day05.py,0.0182
taflaj,2022,6,day06.py,0.0179
taflaj,2022,7,day07.py,0.0253
taflaj,2022,8,day08.py,0.0185
taflaj,2024,1,day01.py,0.0252
taflaj,2024,2,day02.py,0.0252
tomfran,2024,1,01.py,
tomfran,2024,2,02.py,
tomfran,2024,3,03.py,
tomfran,2024,4,04.py,
tomfran,2024,5,05.py,
tomfran,2024,6,06.py,
tomfran,2024,7,07.py,
tomfran,2024,8,08.py,
tomfran,2024,9,09.py,
tomfran,2024,10,10.py,
tomfran,2024,11,11.py,
tomfran,2024,12,12.py,
tomfran,2024,13,13.py,
vil02,2024,1,adv_2024_01.py,0.021
vil02,2024,2,adv_2024_02.py,0.0251
vil02,2024,3,adv_2024_03.py,0.0271
vil02,2024,4,adv_2024_04.py,0.0186
vil02,2024,5,adv_2024_05.py,0.0221
vil02,2024,6,adv_2024_06.py,0.0187
vil02,2024,7,adv_2024_07.py,0.0298
vil02,2024,8,adv_2024_08.py,0.0265
vil02,2024,9,adv_2024_09.py,0.0261
vil02,2024,10,adv_2024_10.py,0.0258
vil02,2024,11,adv_2024_11.py,0.0252
vil02,2024,12,adv_2024_12.py,0.0258
vil02,2024,13,adv_2024_13.py,
vil02,2024,14,adv_2024_14.py,0.0261
vil02,2024,15,adv_2024_15.py,0.0288
vil02,2024,16,adv_2024_16.py,0.0267
vil02,2024,17,adv_2024_17.py,0.0193
vil02,2024,18,adv_2024_18.py,0.0264
vil02,2024,19,adv_2024_19.py,0.0225
vil02,2024,20,adv_2024_20.py,0.0256
vil02,2024,21,adv_2024_21.py,0.0262
vil02,2024,22,adv_2024_22.py,0.0227
vil02,2024,23,adv_2024_23.py,
vil02,2024,24,adv_2024_24.py,0.0191
vil02,2024,25,adv_2024_25.py,0.0185
vshargin,2021,1,day_01a.py,
vshargin,2021,1,day_01b.py,
vshargin,2021,2,day_02a.py,
vshargin,2021,2,day_02b.py,
vshargin,2022,1,day_01a.py,
vshargin,2022,1,day_01b.py,
vshargin,2022,2,day_02a.py,
vshargin,2022,2,day_02b.py,
vshargin,2022,3,day_03a.py,
vshargin,2022,3,day_03b.py,
vshargin,2022,4,day_04a.py,
vshargin,2022,4,day_04b.py,
vshargin,2022,5,day_05a.py,
vshargin,2022,5,day_05b.py,
vshargin,2022,6,day_06a.py,
vshargin,2022,6,day_06b.py,
vshargin,2024,1,day_01.py,
vshargin,2024,2,day_02.py,
vshargin,2024,3,day_03.py,
vshargin,2024,4,day_04.py,
vshargin,2024,6,day_06.py,
vshargin,2024,7,day_07.py,
vshargin,2024,8,day_08.py,
vshargin,2024,9,day_09.py,
vshargin,2024,10,day_10.py,
vshargin,2024,11,day_11.py,
vshargin,2024,13,day_13.py,
vshargin,2024,18,day_18.py,
xavdid,2017,1,solution.py,
xavdid,2017,2,solution.py,
xavdid,2017,3,solution.py,
xavdid,2017,4,solution.py,
xavdid,2017,5,solution.py,
xavdid,2017,6,solution.py,
xavdid,2017,7,solution.py,
xavdid,2017,8,solution.py,
xavdid,2017,9,solution.py,
xavdid,2017,10,solution.py,
xavdid,2017,11,solution.py,
xavdid,2017,12,solution.py,
xavdid,2017,13,solution.py,
xavdid,2017,14,solution.py,
xavdid,2017,15,solution.py,
xavdid,2017,16,solution.py,
xavdid,2017,17,solution.py,
xavdid,2017,18,solution.py,
xavdid,2018,1,solution.py,
xavdid,2018,2,solution.py,
xavdid,2018,3,solution.py,
xavdid,2018,4,solution.py,
xavdid,2018,5,solution.py,
xavdid,2018,6,solution.py,
xavdid,2018,7,solution.py,
xavdid,2018,8,solution.py,
xavdid,2019,1,solution.py,
xavdid,2019,2,solution.py,
xavdid,2019,3,solution.py,
xavdid,2019,4,solution.py,
xavdid,2019,5,solution.py,
xavdid,2019,6,solution.py,
xavdid,2019,7,solution.py,
xavdid,2019,8,solution.py,
xavdid,2019,9,solution.py,
xavdid,2019,10,solution.py,
xavdid,2019,11,solution.py,
xavdid,2019,12,solution.py,
xavdid,2019,13,solution.py,
xavdid,2019,14,solution.py,
xavdid,2019,15,solution.py,
xavdid,2019,16,solution.py,
xavdid,2019,17,solution.py,
xavdid,2019,19,solution.py,
xavdid,2019,22,solution.py,
xavdid,2019,23,solution.py,
xavdid,2019,24,solution.py,
xavdid,2019,25,mem_dump.py,0.0336
xavdid,2020,1,solution.py,
xavdid,2020,2,solution.py,
xavdid,2020,3,solution.py,
xavdid,2020,4,solution.py,
xavdid,2020,5,solution.py,
xavdid,2020,6,solution.py,
xavdid,2020,7,solution.py,
xavdid,2020,8,solution.py,
xavdid,2020,9,solution.py,
xavdid,2020,10,solution.py,
xavdid,2020,11,solution.py,
xavdid,2020,12,solution.py,
xavdid,2020,13,solution.py,
xavdid,2020,14,solution.py,
xavdid,2020,15,solution.py,
xavdid,2020,16,solution.py,
xavdid,2020,17,solution.py,
xavdid,2020,18,solution.py,
xavdid,2020,19,solution.py,
xavdid,2020,20,solution.py,
xavdid,2020,21,solution.py,
xavdid,2020,22,solution.py,
xavdid,2020,23,solution.py,
xavdid,2020,24,solution.py,
xavdid,2020,25,solution.py,
xavdid,2021,1,solution.py,
xavdid,2021,2,solution.py,
xavdid,2021,3,solution.py,
xavdid,2021,4,solution.py,
xavdid,2021,5,solution.py,
xavdid,2021,6,solution.py,
xavdid,2021,7,solution.py,
xavdid,2021,8,solution.py,
xavdid,2021,9,solution.py,
xavdid,2021,10,solution.py,
xavdid,2021,11,solution.py,
xavdid,2021,12,solution.py,
xavdid,2021,13,solution.py,
xavdid,2021,14,solution.py,
xavdid,2021,15,solution.py,
xavdid,2021,16,solution.py,
xavdid,2021,17,solution.py,
xavdid,2021,18,solution.py,
xavdid,2021,19,solution.py,
xavdid,2021,20,solution.py,
xavdid,2021,21,solution.py,
xavdid,2021,22,solution.py,
xavdid,2021,23,solution.py,
xavdid,2021,24,solution.py,
xavdid,2021,25,solution.py,
xavdid,2022,1,solution.py,
xavdid,2022,2,solution.py,
xavdid,2022,3,solution.py,
xavdid,2022,4,solution.py,
xavdid,2022,5,solution.py,
xavdid,2022,6,solution.py,
xavdid,2022,7,solution.py,
xavdid,2022,8,solution.py,
xavdid,2022,9,solution.py,
xavdid,2022,10,solution.py,
xavdid,2022,11,solution.py,
xavdid,2022,12,solution.py,
xavdid,2022,13,solution.py,
xavdid,2022,14,solution.py,
xavdid,2022,15,solution.py,
xavdid,2022,16,solution.py,
xavdid,2022,17,solution.py,
xavdid,2022,18,solution.py,
xavdid,2022,19,solution.py,
xavdid,2022,20,solution.py,
xavdid,2022,21,solution.py,
xavdid,2022,22,solution.py,
xavdid,2022,23,solution.py,
xavdid,2022,24,solution.py,
xavdid,2022,25,solution.py,
xavdid,2023,1,solution.py,
xavdid,2023,2,solution.py,
xavdid,2023,3,solution.py,
xavdid,2023,4,solution.py,
xavdid,2023,5,solution.py,
xavdid,2023,6,solution.py,
xavdid,2023,7,solution.py,
xavdid,2023,8,solution.py,
xavdid,2023,9,solution.py,
xavdid,2023,10,solution.py,
xavdid,2023,11,solution.py,
xavdid,2023,12,solution.py,
xavdid,2023,13,solution.py,
xavdid,2023,14,solution.py,
xavdid,2023,15,solution.py,
xavdid,2023,16,solution.py,
xavdid,2023,17,solution.py,
xavdid,2023,18,solution.py,
xavdid,2023,19,solution.py,
xavdid,2023,20,solution.py,
xavdid,2023,21,solution.py,
xavdid,2023,22,solution.py,
xavdid,2023,23,solution.py,
xavdid,2023,24,solution.py,
xavdid,2023,25,solution.py,
xavdid,2024,1,solution.py,
xavdid,2024,2,solution.py,
xavdid,2024,3,solution.py,
xavdid,2024,4,solution.py,
xavdid,2024,5,solution.py,
xavdid,2024,6,solution.py,
xavdid,2024,7,solution.py,
xavdid,2024,8,solution.py,
xavdid,2024,9,solution.py,
xavdid,2024,10,solution.py,
xavdid,2024,11,solution.py,
xavdid,2024,12,solution.py,
xavdid,2024,13,solution.py,
xavdid,2024,14,solution.py,
xavdid,2024,15,solution.py,
xavdid,2024,16,solution.py,
